-- MySQL dump 10.13  Distrib 5.7.23, for Win64 (x86_64)
--
-- Host: localhost    Database: aqjz
-- ------------------------------------------------------
-- Server version	5.7.23-log

/*!40101 SET @OLD_CHARACTER_SET_CLIENT=@@CHARACTER_SET_CLIENT */;
/*!40101 SET @OLD_CHARACTER_SET_RESULTS=@@CHARACTER_SET_RESULTS */;
/*!40101 SET @OLD_COLLATION_CONNECTION=@@COLLATION_CONNECTION */;
/*!40101 SET NAMES utf8 */;
/*!40103 SET @OLD_TIME_ZONE=@@TIME_ZONE */;
/*!40103 SET TIME_ZONE='+00:00' */;
/*!40014 SET @OLD_UNIQUE_CHECKS=@@UNIQUE_CHECKS, UNIQUE_CHECKS=0 */;
/*!40014 SET @OLD_FOREIGN_KEY_CHECKS=@@FOREIGN_KEY_CHECKS, FOREIGN_KEY_CHECKS=0 */;
/*!40101 SET @OLD_SQL_MODE=@@SQL_MODE, SQL_MODE='NO_AUTO_VALUE_ON_ZERO' */;
/*!40111 SET @OLD_SQL_NOTES=@@SQL_NOTES, SQL_NOTES=0 */;

--
-- Current Database: `aqjz`
--

CREATE DATABASE /*!32312 IF NOT EXISTS*/ `aqjz` /*!40100 DEFAULT CHARACTER SET latin1 */;

USE `aqjz`;

--
-- Table structure for table `art`
--

DROP TABLE IF EXISTS `art`;
/*!40101 SET @saved_cs_client     = @@character_set_client */;
/*!40101 SET character_set_client = utf8 */;
CREATE TABLE `art` (
  `id` bigint(20) NOT NULL,
  `date` varchar(255) DEFAULT NULL,
  `summary` mediumtext,
  `title` varchar(255) DEFAULT NULL,
  `type` varchar(255) DEFAULT NULL,
  `art_content_id` bigint(20) DEFAULT NULL,
  `image_id` bigint(20) DEFAULT NULL,
  PRIMARY KEY (`id`),
  KEY `FK2n5di8wpyn1cgvdcqnig37ew9` (`art_content_id`),
  KEY `FK23vo5q4uo9ls7x2wusk95vs0v` (`image_id`)
) ENGINE=MyISAM DEFAULT CHARSET=utf8;
/*!40101 SET character_set_client = @saved_cs_client */;

--
-- Dumping data for table `art`
--

LOCK TABLES `art` WRITE;
/*!40000 ALTER TABLE `art` DISABLE KEYS */;
INSERT INTO `art` VALUES (3,'2018-10-08T04:00:00.000Z','2018年10月4日（根据COMTEX的Heraldkeeper） - 随着智能手机，基于云的解决方案，大量开发以及BYOD（Bring Your Own Device）的普及，亚太地区的身份和访问管理市场需求将受到极大的推动。2013年的物联网采用率约为12％，2017年达到约36％。此外，由于该地区展示了巨大的增长潜力，在IAM市场运营的各家公司正在扩大其在该地区的业务，以获得更高的客户群。','亚太地区的身份和访问管理市场到2024年的复合年增长率达到15％+','news',2,2),(4,'2018-10-08T04:00:00.000Z','在2018年，身份和访问管理（IAM）在确保组织拥有强大的网络安全实践方面发挥了至关重要的作用。 从缓解内部威胁到建立适当的网络卫生，IAM的重要性不再受到质疑。\n\n我们的创始人兼首席执行官Robert Herjavec认为，“身份是他们自己的太阳系......它是自己的星系”。 由于用户（即员工）是“互动的”，企业在访问控制，特权访问和身份治理方面面临挑战。','身份管理的12个趋势','news',3,3),(5,'2018-10-08T04:00:00.000Z','云计算为管理用户身份和访问权限带来了前所未有的新要求。 企业中使用的基于云的应用程序的平均数量介于900到1200种不同的服务之间。 如果每个服务都需要自己的一组登录账号，则用户本身会使用简单的容易受到攻击的密码，并且也有可能完全避免使用该服务。 为了管理越来越多的在线服务或内部网络应用程序的身份验证，组织需要为用户管理他们的身份和验证。 单点登录（SSO）等功能对于改善最终用户体验以及为企业网络中使用的所有基于云的服务启用透明身份验证过程至关重要。','什么是身份即服务？ IDaaS(Idenitty as a Service)解释','news',4,4),(6,'2018-10-07T04:00:00.000Z','公司最大的资产是什么？ 可以把它分成两组：\n人员 ，包括富有成效的员工，忠诚的客户和高效的合作伙伴。\n数据 ，包括有关客户，产品，流程和知识产权的信息。\n但是，在这个过程中如果无法保护谁正在访问哪些信息，那么人员和数据的混合可能会给IT公司带来挑战。 如今，更多的团队，包括内部员工、供应商和客户，正在从不同的平台和多种设备访问更多数据。 如果不保护这些信息，那么公司将面临与数据安全性，合规性或组织效率相关的风险。','最好的IAM软件：评选十大产品','news',5,5),(7,'2018-10-06T04:00:00.000Z','企业IT中的身份和访问管理（IAM）是关于如何定义和管理各个网络用户的角色和访问权限以及用户被授予（或拒绝）这些权限的情况。这些用户可能是客户（客户身份管理）或员工（员工身份管理）。IAM系统的核心目标是为每一个用户建立数字身份。一旦建立了数字身份，就必须对数字身份的访问周期进行维护，修改和监控。','什么是IAM？身份和访问管理','news',6,6),(8,'2018-10-09T04:00:00.000Z','物联网（IoT）预计在2020年市场价值将达到2万亿美元 ，其中超过204亿个连接的“终端”正在使用中。 虽然物联网正在创造各种经济机会，但物联网的多样性使得架构师难以对其进行架构和管理。\n\n\n\n“IAM将很快成为每个物联网解决方案中不可或缺的一部分。”\n\n\n\n用户，设备，物联网网关，应用程序和服务都可以在物联网解决方案中发挥作用，它们都需要身份才能形成安全可靠的物联网。\n\nGartner研究总监Saniye Burcu Alaybeyi表示，身份和访问管理（IAM）对于有效的物联网解决方案至关重要。 阿莱贝伊女士进一步补充说，IAM很快就会成为每个物联网解决方案中不可或缺的一部分，这就是原因。','三个推动在物联网中集成身份访问管理方案的市场力量','news',7,7);
/*!40000 ALTER TABLE `art` ENABLE KEYS */;
UNLOCK TABLES;

--
-- Table structure for table `art_content`
--

DROP TABLE IF EXISTS `art_content`;
/*!40101 SET @saved_cs_client     = @@character_set_client */;
/*!40101 SET character_set_client = utf8 */;
CREATE TABLE `art_content` (
  `id` bigint(20) NOT NULL AUTO_INCREMENT,
  `content` mediumtext,
  `original_url` varchar(255) DEFAULT NULL,
  `art_id` bigint(20) DEFAULT NULL,
  PRIMARY KEY (`id`),
  KEY `FKd1dhpnehy6sbptmwp60yajv61` (`art_id`)
) ENGINE=MyISAM AUTO_INCREMENT=8 DEFAULT CHARSET=utf8;
/*!40101 SET character_set_client = @saved_cs_client */;

--
-- Dumping data for table `art_content`
--

LOCK TABLES `art_content` WRITE;
/*!40000 ALTER TABLE `art_content` DISABLE KEYS */;
INSERT INTO `art_content` VALUES (2,'<h1>亚太地区的身份和访问管理市场到2024年的复合年增长率达到15％+</h1><p>2018年10月4日（根据COMTEX的Heraldkeeper） - 随着智能手机，基于云的解决方案，大量开发以及<strong>BYOD</strong>（Bring Your Own Device）的普及，亚太地区的身份和访问管理市场需求将受到极大的推动。2013年的物联网采用率约为12％，2017年达到约36％。此外，由于该地区展示了巨大的增长潜力，在IAM市场运营的各家公司正在扩大其在该地区的业务，以获得更高的客户群。</p><p>由于IAM解决方案在该地区的银行金融保险（<strong>BFSI</strong>，Banking, Financial services and Insurance），医疗保健，电信和公用事业等不同领域的重要性，预计北美将主导市场。 此外，随着智能手机使用量的增加，物联网和云计算技术的技术进步也推动了身份和访问管理市场的增长。</p><p>BFSI部门的身份和访问管理市场正在以最快的速度增长，因为银行和金融机构携带敏感的客户信息，确保极其安全的环境，因为任何类型的安全漏洞都可能成本高昂且具有破坏性。为了提高IAM安全性，BFSI行业通过将多因素身份验证集成到其网络用户帐户中来采用高效流程。 由于移动银行业务的普及，采取了各种措施来保护在线交易。 指纹激活支付系统正在智能手机中安装，以保护网上银行。</p><p>到2024年，全球身份和访问管理（IAM）市场预计将超过<strong>189亿美元</strong>。IAM产品提供基于角色的访问控制，允许系统管理员根据组织内员工的角色来管理对网络的访问。 它主要侧重于确保合作伙伴，员工和客户可以安全，简单地访问应用程序，而不会影响安全性。 与企业安装IAM系统相关的主要好处包括减少数据泄露，集中访问控制，降低IT成本和改善用户体验。</p><p>BYOD等连接设备的发展趋势正在迅速增加，提高了生产力，降低了组织的硬件成本，提高了员工满意度。 此外，移动普及率的提高，员工移动软件需求的增加以及移动服务管理的日益突出也推动了对IAM解决方案的需求。 员工，合作伙伴和承包商将个人设备带到工作场所以与公司网络连接。 大约70％的组织采用了BYOD趋势，预计将超过预测时间表。 然而，互联技术的日益普及也导致了网络犯罪威胁的增加。 这需要部署有效的IAM解决方案，以防止对公司数据的未授权访问，从而加速身份和访问管理市场的增长。</p><p>供应解决方案在身份和访问管理市场占据主导地位，并在2017年占据了约40.7％的市场份额。该解决方案为员工，客户和其他利益相关者提供增强的IAM功能，以管理各种计算资源的供应和取消供应。 对可靠配置解决方案不断增长的需求以及风险缓解和安全性的日益增加的牵引力也对身份和访问管理市场的增长产生了积极影响。 在各种工业应用中采用供应解决方案，以支持数字身份创建，验证，批准，变更，终止，传播和通信。</p><p>在身份和访问管理市场运营的公司正在投入资金进行战略合作伙伴关系和合作，并开发创新解决方案，从而在市场中获得竞争优势。 在IAM市场运营的一些主要供应商是戴尔电脑，ForgeRock，Gemalto，IBM，HID Global Corporation，iWelcome，微软，Net IQ，Okta，Inc，Ping Identity和SailPoint Technologies Holdings，Inc。</p>','https://www.herjavecgroup.com/dark-reading-12-trends-shaping-identity-management/',3),(3,'<h1><strong style=\"color: rgb(0, 0, 0);\">身份管理的12个趋势</strong></h1><p><em style=\"color: rgb(0, 0, 0);\">在2018年，身份和访问管理（IAM）在确保组织拥有强大的网络安全实践方面发挥了至关重要的作用。 从缓解内部威胁到建立适当的网络卫生，IAM的重要性不再受到质疑。</em></p><p><em style=\"color: rgb(0, 0, 0);\">我们的创始人兼首席执行官Robert Herjavec认为，“身份是他们自己的太阳系......它是自己的星系”。 由于用户（即员工）是“互动的”，企业在访问控制，特权访问和身份治理方面面临挑战。</em></p><p><span style=\"color: rgb(0, 0, 0);\">随着IAM公司试图将“身份背景”扩展到网络安全市场的所有方面，身份正在成为“自己的太阳系”。</span></p><p><span style=\"color: rgb(0, 0, 0);\">上周RSA会议上有关于身份的会议数量在以不成比例的方式增加，而且更多的公司在身份和访问管理（IAM）的框架下用“身份管理”，“身份环境”等术语轻推自己的方式。特权访问管理，“隐私”，“行为生物识别”，“生物识别平台”和“以人为本的安全”在他们的摊位上大量涌现。</span></p><p><span style=\"color: rgb(0, 0, 0);\">如果网络安全市场是一个全球性的市场，每个细分市场都会占据一席之地 - 一个用于端点安全的大陆，一个威胁情报的群岛 - 身份和访问管理在哪里适合？</span></p><p><span style=\"color: rgb(0, 0, 0);\">“身份是自己的太阳系，”全球IT安全公司Herjavec Group的首席执行官兼鲨鱼坦克投资人Robert Herjavec说。 “它自己的星系。”</span></p><p><span style=\"color: rgb(0, 0, 0);\">“用户的问题在于他们是互动的，”他解释道。 身份管理对企业来说是一个挑战的原因是因为用户被雇用，被解雇，获得促销，访问敏感文件系统，共享机密数据，发送带有潜在机密信息的电子邮件，尝试访问我们无法访问的数据，尝试做我们不应该做的事情。 “一劳永逸”对我们不起作用。</span></p><p><span style=\"color: rgb(0, 0, 0);\">幸运的是，好的IAM变得越来越容易。 Herjavec指出了像Sailpoint和Saviynt这样的身份治理工具以及像Cyber​​Ark这样的特权访问管理工具，他说现在“它们不仅可以管理，而且从价格角度来看基本上是可以消费的”。</span></p><p><span style=\"color: rgb(0, 0, 0);\">这些变化并不是突然产生的，市场对IAM的需求一直很高，但最近的违规行为（Equifax），新的合规性压力（GDPR）和隐私披露（Cambridge Analytica / Facebook）增加了身份安全和治理等方面的压力。 正如Ping Identity的高级技术架构师Sarah Squire所说，“Facebook的安全团队非常棒 - 这是糟糕的治理。 Equifax的安全性很差。”</span></p><p><span style=\"color: rgb(0, 0, 0);\">什么力量正在形成这个身份星系(Identity Galaxy)的形状？ 继续阅读更多内容。</span></p><h2><strong style=\"color: rgb(0, 0, 0);\">基于知识的身份验证（KBA，Knowledge-based Authentication）已经死亡</strong></h2><p><span style=\"color: rgb(0, 0, 0);\">在Equifax遭到破坏并且Alteryx泄露（暴露了Experian数据）之后，许多组织使用的基于知识的身份验证（KBA）系统受到了损害。 为什么要求客户通过确认他们的前雇主，地址或母亲的生日来验证他们的身份，当攻击者也知道所有这些信息时 - 以及他们订阅的杂志以及他们是否在后院有一个游泳池？</span></p><h2><strong style=\"color: rgb(0, 0, 0);\">GDPR为个人拥有自己的身份提供所有权</strong></h2><p><span style=\"color: rgb(0, 0, 0);\">织已经习惯于表现得好像数据库中的任何名称都是属于他们的名称 - 收集，存储，传输，购买和销售个人的个人身份信息而相对不受惩罚。 欧盟的通用数据保护法规（GDPR）改变了这一切 - 它增强了组织对身份治理的需求。</span></p><p><span style=\"color: rgb(0, 0, 0);\">GDPR要求组织在收集或分享其个人信息时随时获得个人的明确许可 - 自动修改的框不够明确 - 个人必须能够随时轻松撤销该许可。 个人有“被遗忘的权利”。 此外，必须保留在数据流动的任何地方使用此身份信息的记录。</span></p><p><span style=\"color: rgb(0, 0, 0);\">GDPR适用于任何地方的任何欧盟公民数据，因此它影响到全球各地的公司，并且它适用于组织的客户及其员工，因此它将对其治理和内部和外部身份的安全性产生影响。 ForgeRock专门为外部用户提供IAM，为其产品添加了GDPR仪表板。</span></p><p><span style=\"color: rgb(0, 0, 0);\">GDPR的法案执行将于5月25日开始（自该法案正式实施以来的两年宽限期之后）。 这些行动包括但不限于2000万欧元的罚款或年收入的4％，以较高者为准。</span></p><p><span style=\"color: rgb(0, 0, 0);\">“GDPR真的是开创性的，”Herjavec说。 与PCI一样，它将推动整个行业发展，但与PCI不同，它会影响所有行业。 他说，他“100％肯定”加拿大和美国将拥有自己的版本。</span></p><h2><strong style=\"color: rgb(0, 0, 0);\">通过隐私增加可验证索赔的需求</strong></h2><p><span style=\"color: rgb(0, 0, 0);\">Squire提供了其他一些例子，说明世界需要哪些方式让个人在保持隐私的同时提供有关自己的经过验证的声明。</span></p><p><span style=\"color: rgb(0, 0, 0);\">有一些旧的用例可以重新制作。 例如，酒吧的保镖可以验证某人是否具有合法的饮酒年龄，而无需知道他们的姓名 - 政府机构是否可以在不知道该人何时何地饮酒的情况下验证该信息？</span></p><p><span style=\"color: rgb(0, 0, 0);\">更重要的是，社交媒体和新闻网站是否可以利用它来打击用于影响选举的虚假宣传活动？ 例如，该网站是否可以验证某人是注册选民或某个国家的居民？</span></p><p><span style=\"color: rgb(0, 0, 0);\">从技术上讲，这些东西都在触手可及，Squire说。 “这就是改变了，”Ping Identity的高级技术架构师Sarah Squire说，他拿着智能手机。 “这些可以存储私钥。” 她说，现在的限制是监管。</span></p><h2><strong style=\"color: rgb(0, 0, 0);\">身份治理扩展到云端</strong></h2><p><span style=\"color: rgb(0, 0, 0);\">身份治理提供商SailPoint的首席执行官兼联合创始人Mark McClain说：“治理的世界是关于谁可以访问什么，谁应该访问什么，他们是否正确使用它。” “大多数客户都远离前两个，他们甚至不应该担心第三个。”</span></p><p><span style=\"color: rgb(0, 0, 0);\">SailPoint和其他身份管理和管理（IGA）解决方案提供商正在通过为安全专业人员提供更加用户友好的基于云的管理工具来加速这一过程。 然而，在后端，云服务只会使治理问题复杂化，除了内部部署资源之外，用户越来越多地访问越来越多的帐户。</span></p><p><span style=\"color: rgb(0, 0, 0);\">Saviynt是专门针对云计算的IGA解决方案，并表示它是“开创性的IGA 2.0”。 其他一些人，比如Sailpoint和One Identity，则通过云迁移来支持客户。</span></p><p><span style=\"color: rgb(0, 0, 0);\">One Identity产品管理高级主管杰克逊·肖（Jackson Shaw）表示，“在本地软件上会有很长的篇幅，”他指出了它对工业控制系统环境的重要性。 “未来几年，云将成为一个巨大的复杂因素......这确实使治理变得复杂化。</span></p><h2><strong style=\"color: rgb(0, 0, 0);\">身份即服务的演变</strong></h2><p><span style=\"color: rgb(0, 0, 0);\">随着IAM管理进入云计算，身份即服务正在变得真实。 一些治理提供商正在成为满足您所有身份需求的全栈一站式服务，并且在3月份，Google发布了完整的“身份即服务”产品，该产品使用开放标准：云身份。</span></p><p><span style=\"color: rgb(0, 0, 0);\">在一篇博客中，Cloud Identity的高级产品经理Vidya Nagarajan写道：“今天，[用户]需要在任何地方自由工作，并了解这些背景 - 他们需要做什么，在哪里，用什么设备 - 应该是什么指导企业访问。“</span></p><p><span style=\"color: rgb(0, 0, 0);\">Cloud Identity的服务列表非常广泛。 写了Nagarajan：</span></p><p><span style=\"color: rgb(0, 0, 0);\">“Cloud Identity的单点登录支持SAML 2.0和OpenID，可与数百个开箱即用的应用程序配合使用，包括Salesforce，SAP SuccessFactors和Box以及Docs或Drive等G Suite应用程序。对于使用GCP资源的组织，Cloud Identity提供了额外的控制，用于管理混合内部部署和云基础架构中的用户和组。</span></p><p><span style=\"color: rgb(0, 0, 0);\">“Cloud Identity包括针对Android和iOS的强大移动设备管理，其中包括自动为用户启用帐户擦除和密码执行等许多功能。管理员可以使用一个集成控制台来实现屏幕锁定，查找设备，实施两步验证和防网络钓鱼安全性密钥，并管理Chrome浏览器的使用情况。他们还可以获取安全报告和分析，例如可疑登录，用户活动报告和审核，以及登录第三方应用，网站和扩展程序。“</span></p><h2><strong style=\"color: rgb(0, 0, 0);\">每个人的生物识别技术为用户提供了良好的安全性</strong></h2><p><span style=\"color: rgb(0, 0, 0);\">“我一直坚信，易用性每次都会胜过安全，”One Identity\'s Shaw说。 “但直到最近，我们还没有一个可以改变密码的做市商”。</span></p><p><span style=\"color: rgb(0, 0, 0);\">智能手机和其他移动设备现在默认内置多种生物识别身份验证方法。 将其添加到新的WebAuthn标准中，在线生物识别安全性作为在线强认证的低摩擦方法变得更加可行。 4月10日，FIDO联盟和W3C宣布了Web身份标准，S Identity称之为“绝对精彩”的WebAuthn标准，使在线服务提供商能够通过网络浏览器提供FIDO身份验证。 谷歌，Mozilla，微软和Opera都在加入。</span></p><p><span style=\"color: rgb(0, 0, 0);\">基于FIDO的生物识别身份验证增强了安全Web访问，因为它为每个站点使用唯一的加密凭据，消除了从一个站点窃取的密码可以在另一个站点上使用的风险。</span></p><p><span style=\"color: rgb(0, 0, 0);\">生物识别设备的激增也促使公司帮助将所有这些设备组合在一起。 Veridium是ForgeRock和Ping Identity等主要IAM公司的合作伙伴，它创建了一个横向生物识别平台，使这些公司的客户可以插入他们想要的任何生物识别身份验证方法 - 无论是指纹，面部识别还是Veridium自己的四指非接触式行为生物识别技术。</span></p><p><span style=\"color: rgb(0, 0, 0);\">Veridium首席执行官詹姆斯斯特里克兰德说：“我认为让人们坚持使用一种生物识别技术将是愚蠢的。” 他说他只是想让身份管理变得更容易。 “我看到它有多痛苦。我不想要另一次十字军东征。”</span></p><p><span style=\"color: rgb(0, 0, 0);\">尽管如此，在Veridium最近的一项调查中 ，34％的受访者“非常有信心”只有密码可以充分保护数据。</span></p><p><span style=\"color: rgb(0, 0, 0);\">“我认为我的孙子[去年出生]将在密码之前退休，”肖说。</span></p><h2><strong style=\"color: rgb(0, 0, 0);\">特权升级推动PAM</strong></h2><p><span style=\"color: rgb(0, 0, 0);\">特权升级已经成为针对性攻击的一部分，甚至是针对性的攻击。 解决这个问题的一种方法是密切控制特权内部人员的访问和活动，因为毕竟，一旦攻击者拥有这些凭据，他们本质上就是一个内部人员。</span></p><p><span style=\"color: rgb(0, 0, 0);\">特权访问管理（PAM）专门用于管理最特权用户的访问凭据。 沿着PAM解决方案，如Cyber​​Ark，新的云原生PAM解决方案进入市场，如OnionID和Remediant。</span></p><p><span style=\"color: rgb(0, 0, 0);\">Cyber​​Ark也试图限制泄露管理员凭据的问题。 该公司去年以4200万美元的价格收购了Conjur，以帮助开发人员快速推送应用程序，而无需使用硬编码凭证和SSH密钥。</span></p><h2><strong style=\"color: rgb(0, 0, 0);\">非结构化数据问题导致IAM重叠与数据治理，UEBA</strong></h2><p><span style=\"color: rgb(0, 0, 0);\">Varonis （不是身份管理公司） 最近的研究发现，三分之一的内部用户是“幽灵用户” - 不活跃，但已启用 - 并且30％的公司将超过1,000个敏感文件夹留给所有员工。</span></p><p><span style=\"color: rgb(0, 0, 0);\">正如SailPoint的McClain所说，IAM行业主要专注于访问应用程序。 但是由于文件系统暴露了这么多，Gartner预测，到2022年，80％的数据都将是非结构化的，因此专注于应用程序访问并不够好。 SailPoint是一家身份治理公司，其目标也是解决这个问题，这会导致与Varonis等数据安全/治理公司以及像Forcepoint这样的用户和实体行为分析提供商重叠，后者将自己称为“以人为本的安全”公司。</span></p><p><span style=\"color: rgb(0, 0, 0);\">“你需要统一的图片，记录系统，天空中的神奇电子表格，”麦克莱恩说。 “Everwhere [一个用户]拥有一个ID，她的权限，她的权利。她想要的状态和她的实际状态需要同步。”</span></p><h2><strong style=\"color: rgb(0, 0, 0);\">用于持续验证的风险自适应身份和行为生物特征识别</strong></h2><p><span style=\"color: rgb(0, 0, 0);\">越来越多的公司正在使用行为生物识别技术来解决合法登录后发生的攻击问题。 像BioCatch这样的公司正在应用这项技术来防止会话劫持在线打击欺诈。 其他人正在使用行为生物识别来检测公司网络内部用户的异常行为以对抗横向移动。</span></p><p><span style=\"color: rgb(0, 0, 0);\">“[事件响应]多年来一直失败，因为继发感染的证据表明，”Carbon Black首席网络安全官汤姆凯勒曼说。 “动态自适应身份验证就是答案。用户设备和网络必须挑战生物识别标识挑战响应的关键 - 例如，采取自拍并捡起你的鼻子。”</span></p><p><span style=\"color: rgb(0, 0, 0);\">Kellermann指出ID Data Web是这种自适应身份安全产品的一个例子，该产品使用多个来源来验证身份是否准确，然后提供持续的身份验证 - 仅在检测到风险时请求挑战和响应。</span></p><p><span style=\"color: rgb(0, 0, 0);\">BioCatch构建用户的配置文件，其中包含有关其生物特征行为的数据 - 但不包括其身份。 它可以检测异常行为（例如，在导航中），从而在进行欺诈性资金转移之前关闭机器人或攻击者。</span></p><p><span style=\"color: rgb(0, 0, 0);\">这些风险自适应的“升级”认证工具也被吹捧为减少摩擦的方法 - 除非检测到风险，否则用户可能根本不必经历登录过程。</span></p><p><span style=\"color: rgb(0, 0, 0);\">Squire谈到了“零登录”的目标 - 你拿着手机的方式非常明显，如果行为生物识别技术选择了它并自动验证你而不停下来要求你扫描你的脸或指纹。</span></p><h2><strong style=\"color: rgb(0, 0, 0);\">物联网推动机器身份的边缘</strong></h2><p><span style=\"color: rgb(0, 0, 0);\">“[身份管理]将使IoT失败，”IBM Resilient首席技术官兼哈佛大学伯克曼克莱因互联网与社会中心研究员Bruce Schneier说。</span></p><p><span style=\"color: rgb(0, 0, 0);\">Schneier表示，物联网极大地扩展了要管理的机器身份数量，并使常规消费者负责设置，管理和保护这些机器身份以及这些机器彼此之间的通信方式。 随着更多设备连接到互联网，以个人智能手机作为解锁所有内容的钥匙的中心辐射方法最终将无法扩展。</span></p><p><span style=\"color: rgb(0, 0, 0);\">Schneier表示，身份管理公司正在大踏步前进，但是，“他们正在解决昨天的问题。而我们还没有解决这些问题。”</span></p><p><span style=\"color: rgb(0, 0, 0);\">SailPoint的McClain承认机器，机器人和物联网设备现在都需要访问计算和数据资源，并且还必须属于身份治理的范畴。</span></p><h2><strong style=\"color: rgb(0, 0, 0);\">基于区块链的数字身份</strong></h2><p><span style=\"color: rgb(0, 0, 0);\">Blockchain这样的分布式账本平台被广泛用于提供数字身份。 在业务方面，SecureKey建立在IBM Blockchain之上，是加拿大第一个专门针对受监管行业的数字身份网络。 Shocard是面向企业的区块链驱动的IAM和SSO解决方案。</span></p><p><span style=\"color: rgb(0, 0, 0);\">Evernym是一个信用合作社的数字身份平台，它不是建立在区块链上，而是建立在开源分布式账本平台Sovrin之上。 （Sovrin是为“可证实的主张”的自我主权，分散交换而建立的。）</span></p><p><span style=\"color: rgb(0, 0, 0);\">埃森哲和微软联手打造了一个基于区块链的身份基础设施，用于联合国努力为全球100多万人提供法律身份识别，没有像难民这样的官方身份证件。</span></p><p><span style=\"color: rgb(0, 0, 0);\">在上周的RSA会议上，美国国土安全部的科技部门演示了Verified.Me，这是一种身份管理工具，使用区块链将登录功能与属性传递分开。</span></p><p><br></p>','https://www.herjavecgroup.com/dark-reading-12-trends-shaping-identity-management/',4),(4,'<h1><strong style=\"color: rgb(0, 0, 0);\">什么是身份即服务？ IDaaS(Idenitty as a Service)解释</strong></h1><p><span style=\"color: rgb(0, 0, 0);\"><img src=\"https://i.imgur.com/4euUuXa.png\"></span></p><p><span style=\"color: rgb(0, 0, 0);\">云计算为管理用户身份和访问权限带来了前所未有的新要求。 企业中使用的基于云的应用程序的平均数量介于900到1200种不同的服务之间。 如果每个服务都需要自己的一组登录账号，则用户本身会使用简单的容易受到攻击的密码，并且也有可能完全避免使用该服务。 为了管理越来越多的在线服务或内部网络应用程序的身份验证，组织需要为用户管理他们的身份和验证。 单点登录（SSO）等功能对于改善最终用户体验以及为企业网络中使用的所有基于云的服务启用透明身份验证过程至关重要。</span></p><p><strong style=\"color: rgb(0, 0, 0);\">身份即服务（IDaaS）</strong><span style=\"color: rgb(0, 0, 0);\">允许组织实现这些目标，因为它们致力于改善组织的安全状况，同时使员工更容易利用其可支配的大量云服务。</span></p><p><strong style=\"color: rgb(0, 0, 0);\"><em>身份即服务</em></strong><span style=\"color: rgb(0, 0, 0);\">被描述为由第三方云供应商管理和托管的身份验证基础架构，以提供身份和访问管理服务。 IDaaS超越了SSO，涵盖了更广泛的身份统一和管理（IGA, Identity Governance and Administration），云和网络IT服务的访问管理和智能功能。 与可在内部设计和管理策略框架和技术基础架构的传统身份和访问管理（IAM）系统相比，IDaaS使组织能够利用先进的IAM功能，而无需处理复杂而严格的底层基础架构，策略和实践，和随之而来的保持合规性和高标准的安全性。 除了在越来越多的应用程序中管理员工访问权限之外，企业还需要了解服务的使用时间，地点和方式。 在SaaS驱动的企业IT部门中，这是一个更大的挑战，在这个部门中，员工采用影子IT（Shadow IT）实践来访问基于云的服务，而无需内部IT部门的正式批准，导致了更大的安全隐患。 为了解决这些问题，组织可以通过IDaaS产品提供的有效IAM功能，在不影响安全性的情况下促进必要的云应用程序的使用。</span></p><h2><strong style=\"color: rgb(0, 0, 0);\">身份即服务的关键组成部分和功能</strong></h2><p><span style=\"color: rgb(0, 0, 0);\">IDaaS解决方案提供一系列不同供应商和细分市场的特性和功能。 构成身份即服务产品的最常见组件包括：</span></p><ul><li><strong style=\"color: rgb(0, 0, 0);\">基于云的多租户架构</strong><span style=\"color: rgb(0, 0, 0);\">： IDaaS供应商通常运营多租户云架构来提供服务。 借助多租户服务交付模型，供应商可以为不同的客户即时发布更新，安全修复和性能改进。 因此，客户可以增强其有效管理访问配置供应和治理的能力。 借助基于云的产品，企业可以扩展IDaaS解决方案的使用范围，以满足工作场所不断变化的IAM需求，同时只需支付所消耗的服务费用并节省初始资本支出。</span></li><li><strong style=\"color: rgb(0, 0, 0);\">密码管理和认证</strong><span style=\"color: rgb(0, 0, 0);\">：作为身份和访问管理的基本要求，IDaaS服务包含所有必要的身份验证和密码管理方法。 其中包括通过密码进行多因子用户身份验证，数字访问卡或生物识别等功能，这些功能可在用户设备和访问点之间动态维护。 对于最终用户，这些机制应该是简单的并且有助于提高在访问敏感业务信息，资源或场所时的安全意识。</span></li><li><strong style=\"color: rgb(0, 0, 0);\">单点登录和联合</strong><span style=\"color: rgb(0, 0, 0);\">：在与IDaaS相关的其他关键IAM特性和功能中，该服务通常旨在最大限度地提高最终用户体验，同时按照预期保持公司网络的安全性和可用性。 借助SSO功能，可以鼓励用户使用最安全的密码组合，而无需记住他们每天访问常规IT服务。 同样，IDaaS系统的联合功能（Federation）允许组织管理超出内部IT部门控制的第三方云服务的安全身份验证。</span></li><li><strong style=\"color: rgb(0, 0, 0);\">自动审批工作流程</strong><span style=\"color: rgb(0, 0, 0);\">：自动审批工作流程使IT部门能够快速有效地管理多个应用程序和控制同步访问权限。 这些工具通常提供基于GUI的配置功能，使IT管理员可以更轻松地管理配置并遵循系统的治理框架，以降低与IAM功能相关的风险和成本。</span></li><li><strong style=\"color: rgb(0, 0, 0);\">分析和智能</strong><span style=\"color: rgb(0, 0, 0);\">：高级IDaaS产品包括分析和智能功能，可在用户，角色和职责，工作职能，应用程序和数据使用之间的多方面关系中报告访问权限的使用。 此信息以容易识别的格式提供，允许组织识别异常情况，例如前雇员的活动帐户或特定类型的劳动力细分的使用模式。</span></li><li><strong style=\"color: rgb(0, 0, 0);\">可配置的IAM实施模板</strong><span style=\"color: rgb(0, 0, 0);\">：组织可以利用为多个客户提供IAM实施的供应商，并设计出最适合各种客户的易于配置的模板。 灵活的配置工作流程不需要手动编写脚本，允许IDaaS客户遵循可重复的IAM流程，这些流程可以有效地工作并在不断增长的用户群中扩展。 最佳的IDaaS解决方案允许组织以最小的定制要求执行IAM流程，以便保持系统的简单性，可扩展性和可替换性。</span></li><li><strong style=\"color: rgb(0, 0, 0);\">治理，风险和合规性</strong><span style=\"color: rgb(0, 0, 0);\">：组织可以通过利用IDaaS系统的自动化和智能功能来管理治理，风险和合规性。 该技术允许组织实施治理策略和框架，以降低安全性和合规性风险。 例如，组织可以定义和自动化特定于应用程序的流程，以根据合规性敏感性了解访问和使用模式。 同样，真实的身份验证过程和访问权限应与不断变化的组织策略保持一致，这些策略会根据不同的市场环境，地理位置和合规性规则而变化。</span></li></ul><p><span style=\"color: rgb(0, 0, 0);\">身份账号盗窃已成为企业日益增长的安全挑战。 身份盗窃资源中心（ITRC）发现， 超过91％的身份盗窃攻击在2017年危及公司数据库。随着GDPR，HIPAA等形式引入严格的全球合规性规定，组织被迫采取额外措施保护内部劳动力，承包商和组织外最终用户的用户帐户的措施。 因此，需要基于应用到应用的身份和访问管理功能，以确保针对与采用云服务相关的日益增长的风险的强大安全态势。</span></p><p><br></p>','https://www.bmc.com/blogs/identity-as-a-service-idaas/',5),(5,'<h1><strong style=\"color: rgb(0, 0, 0);\">最好的IAM软件：评选十大产品</strong></h1><h3><strong style=\"color: rgb(0, 0, 0);\"><em>根据IT专业人员的反馈，这些是最佳的身份和访问管理产品。</em></strong></h3><p><span style=\"color: rgb(0, 0, 0);\">公司最大的资产是什么？ 可以把它分成两组：</span></p><ol><li><strong style=\"color: rgb(0, 0, 0);\">人员</strong><span style=\"color: rgb(0, 0, 0);\">&nbsp;，包括富有成效的员工，忠诚的客户和高效的合作伙伴。</span></li><li><strong style=\"color: rgb(0, 0, 0);\">数据</strong><span style=\"color: rgb(0, 0, 0);\">&nbsp;，包括有关客户，产品，流程和知识产权的信息。</span></li></ol><p><span style=\"color: rgb(0, 0, 0);\">但是，在这个过程中如果无法保护谁正在访问哪些信息，那么人员和数据的混合可能会给IT公司带来挑战。 如今，更多的团队，包括内部员工、供应商和客户，正在从不同的平台和多种设备访问更多数据。 如果不保护这些信息，那么公司将面临与数据安全性，合规性或组织效率相关的风险。</span></p><h2><strong style=\"color: rgb(0, 0, 0);\">数据安全始于家庭（与人类一起）</strong></h2><p><span style=\"color: rgb(0, 0, 0);\">如果使用弱密码，访问不应该访问的数据或者不遵守合规性要求，即使是善意的员工也会构成威胁。 当然，IT部门并非没有错。 许多人未能部署单点登录和多因素身份验证等功能，以确保更好，更安全的体验。</span></p><p><strong style=\"color: rgb(0, 0, 0);\">身份和访问管理（IAM）</strong><span style=\"color: rgb(0, 0, 0);\">&nbsp;。 IAM平台旨在确保内部部署，云和混合系统在适当的时间为正确的角色和个人提供适当的访问。 混合使用物联网等技术以及严格的合规要求（如GDPR和IAM）是安全策略的关键任务要素。 事实上，GDPR的影响导致了客户识别和访问管理（CIAM）这一术语的使用。</span></p><h2><strong style=\"color: rgb(0, 0, 0);\">IAM的目标是什么？</strong></h2><p><span style=\"color: rgb(0, 0, 0);\">IAM产品和服务旨在确保授权的员工，合作伙伴和客户拥有适当的资源访问权限。 IAM有助于确保入职，离职，管理角色，身份验证，访问管理等流程自动化，可扩展且有效。</span></p><p><span style=\"color: rgb(0, 0, 0);\">除单点登录和多因素身份验证外，IAM软件还通常提供帐户管理，合规性管理，密码管理，角色管理，用户活动监控和用户配置等功能。</span></p><p><span style=\"color: rgb(0, 0, 0);\">好消息是，您有许多选项来管理身份和访问您的资源。 事实上， IT Central Station在其“身份和访问管理买方指南和评论”报告中确定了66家供应商，从单纯IAM提供商到提供IAM作为其安全平台一部分的大型供应商。</span></p><p><span style=\"color: rgb(0, 0, 0);\">根据IT user reviews的报告，IT Central Station基于以下的评估标准挑选出了前10个产品：视图数量，产品与其他产品的比较次数，IT Central Station特定产品的评论总数，IT Central Station上的粉丝数量和基于评论的平均评分。</span></p><p><span style=\"color: rgb(0, 0, 0);\">根据IT Central Station，以下是基于该标准的十大身份和访问管理产品（按字母顺序排列）：</span></p><ul><li><span style=\"color: rgb(0, 0, 0);\">CA Identity Manager (CA IAM)</span></li><li><span style=\"color: rgb(0, 0, 0);\">Cisco Identity Services Engine</span></li><li><span style=\"color: rgb(0, 0, 0);\">CyberArk Privileged Account Security</span></li><li><span style=\"color: rgb(0, 0, 0);\">ForgeRock</span></li><li><span style=\"color: rgb(0, 0, 0);\">IBM Tivoli Access Manager</span></li><li><span style=\"color: rgb(0, 0, 0);\">Keeper</span></li><li><span style=\"color: rgb(0, 0, 0);\">OneLogin</span></li><li><span style=\"color: rgb(0, 0, 0);\">Oracle Identity Manager (Oracle IAM)</span></li><li><span style=\"color: rgb(0, 0, 0);\">Quest One Identity Manager</span></li><li><span style=\"color: rgb(0, 0, 0);\">SailPoint IdentityIQ</span></li></ul><p><br></p>','https://www.csoonline.com/article/3301196/security/the-best-iam-software-rating-the-top-10-products.html',6),(6,'<h1><strong style=\"color: rgb(0, 0, 0);\">什么是IAM？身份和访问管理</strong></h1><h2><strong style=\"color: rgb(0, 0, 0);\">IAM定义</strong></h2><p><span style=\"color: rgb(0, 0, 0);\">企业IT中的身份和访问管理（IAM）是关于如何定义和管理各个网络用户的角色和访问权限以及用户被授予（或拒绝）这些权限的情况。这些用户可能是客户（客户身份管理）或员工（员工身份管理）。IAM系统的核心目标是为每一个用户建立数字身份。一旦建立了数字身份，就必须对数字身份的访问周期进行维护，修改和监控。</span></p><p><span style=\"color: rgb(0, 0, 0);\">根据著名企业身份和访问管理提供商Okta的高级副总裁兼首席安全官Yassir Abousselham的说法，身份管理的首要目标是“在适当的环境中向正确的员工授予相应企业资产的访问权限。这个过程包含从员工加入企业，企业授予相应的权限，到员工离职时根据需要注销该员工的身份。” IAM系统为管理员提供了更改用户角色，跟踪用户活动，创建有关这些活动的报告以及持续实施策略的工具和技术。 这些系统旨在提供管理整个企业用户访问的方法，并确保遵守公司政策和政府法规。</span></p><h2><strong style=\"color: rgb(0, 0, 0);\">IAM工具</strong></h2><p><span style=\"color: rgb(0, 0, 0);\">根据Forrester Research在“2017年第4季度的技术潮流：身份和访问管理”（Tech Tide: Identity and Access Management, Q4 2017）中的报告指出了六种IAM核心技术，这些技术成熟度低，但当前业务价值很高。</span></p><p><strong style=\"color: rgb(0, 0, 0);\">API安全（API Security）</strong><span style=\"color: rgb(0, 0, 0);\">&nbsp;使IAM可用于B2B商务，云集成以及基于微服务的IAM架构。Forrester认为API安全解决方案用于移动应用程序之间的单点登录（SSO）或用户管理的访问。 这会让安全团队更容易管理物联网设备授权和个人身份识别。</span></p><p><strong style=\"color: rgb(0, 0, 0);\">客户身份和访问管理（CIAM）</strong><span style=\"color: rgb(0, 0, 0);\">允许“对用户进行全面管理和认证;自助服务和配置文件管理;以及与CRM，ERP和其他客户管理系统和数据库的集成”。</span></p><p><strong style=\"color: rgb(0, 0, 0);\">身份分析（IA）</strong><span style=\"color: rgb(0, 0, 0);\">将允许安全团队使用机器学习和其他统计算法来检测和阻止风险身份行为。</span></p><p><strong style=\"color: rgb(0, 0, 0);\">身份即服务（IDaaS）</strong><span style=\"color: rgb(0, 0, 0);\">包括“软件即服务（SaaS）解决方案” 提供从门户到Web应用程序和本机移动应用程序的SSO，以及用户帐户配置和访问请求管理。</span></p><p><strong style=\"color: rgb(0, 0, 0);\">身份管理和治理（IMG）</strong><span style=\"color: rgb(0, 0, 0);\">提供自动化并以一种可重复的方式来管理身份生命周期。 如果企业有合规限制，这一点会变得很重要。</span></p><p><strong style=\"color: rgb(0, 0, 0);\">基于风险的身份验证（RBA）</strong><span style=\"color: rgb(0, 0, 0);\">解决方案“在用户session和身份验证的环境中形成风险评分。然后，公司可以为高风险用户提供多因子验证，并允许低风险用户使用单一因素进行身份验证（例如，用户名加密码）。</span></p><p>不管是属于哪个类别，IAM系统必须灵活性和完整性，以适应当今计算环境的复杂性。 其中一个原因是：身份和访问管理提供商One Identity的产品管理高级主管杰克逊·肖（Jackson Shaw）表示，企业的计算环境过去主要是内部部署，身份管理系统在本地工作时对用户进行身份验证和跟踪。 “房屋周围曾经有过安全围栏，”肖说。 “今天，那个围栏不再存在了。”</p><p>因此，今天的身份管理系统应该使管理员能够轻松管理各种用户的访问权限，包括现场员工和国际承包商; 混合计算环境，包括内部部署计算，软件即服务（SaaS）应用程序以及影子IT和BYOD用户; 和计算架构，包括UNIX，Windows，Macintosh，iOS，Android甚至物联网（IoT）设备。</p><p>最终，身份和访问管理系统应该能够“在整个企业内以一致和可扩展的方式集中管理用户”，Abousselham说。</p><p>近年来，身份即服务（IDaaS）已发展为在订阅的基础上通过云提供的第三方托管服务，为客户的内部部署和基于云的系统提供身份管理。</p><h2><strong style=\"color: rgb(0, 0, 0);\">我们为什么需要IAM？</strong></h2><p><span style=\"color: rgb(0, 0, 0);\">被泄露的用户数据通常充当组织网络及其信息资产的入口点。 企业使用身份管理来保护其信息资产免受勒索软件，犯罪黑客攻击，网络钓鱼和其他恶意软件攻击的威胁。 Cybersecurity Ventures预测 ，今年全球勒索软件损害成本预计将超过50亿美元，比2016年增长15％。</span></p><p><span style=\"color: rgb(0, 0, 0);\">在许多组织中，用户有时拥有比必要更多的访问权限。 强大的IAM系统可以通过确保在整个组织中一致地应用用户访问规则和策略来添加重要的保护层。</span></p><p><span style=\"color: rgb(0, 0, 0);\">身份和访问管理系统可以提高业务生产力。 系统的集中管理功能可以降低保护用户凭据和访问的复杂性和成本。 与此同时，身份管理系统使工作人员能够在各种环境中提高工作效率（同时保持安全），无论他们是在家中，办公室还是在路上工作。</span></p><h2><strong style=\"color: rgb(0, 0, 0);\">IAM对于合规管理的意义</strong></h2><p><span style=\"color: rgb(0, 0, 0);\">许多政府要求企业关注身份管理。 Sarbanes-Oxley，Gramm-Leach-Bliley和HIPAA等法规要求组织负责控制对客户和员工信息的访问。 身份管理系统可以帮助组织遵守这些法规。</span></p><p><span style=\"color: rgb(0, 0, 0);\">通用数据保护法规 （GDPR）是一项更新的法规，需要强大的安全性和用户访问控制。 GDPR要求组织保护欧盟公民的个人数据和隐私。 自2018年5月起，GDPR影响在欧盟国家开展业务和/或以欧洲公民为客户的每家公司。</span></p><p><span style=\"color: rgb(0, 0, 0);\">2017年3月1日，纽约州金融服务部（NYDFS） 新的网络安全法规生效。 该法规规定了在纽约运营的金融服务公司的安全运营的许多要求，包括监控授权用户的活动和维护审计日志的需要 - 这是身份管理系统通常所做的事情。</span></p><p><span style=\"color: rgb(0, 0, 0);\">通过自动化为企业网络和数据提供安全用户访问的许多方面，身份管理系统可以减轻IT中普通但重要的任务，并帮助他们遵守政府法规。 这些都是至关重要的好处，因为今天，每个IT职位都是安全职位; 全球网络安全工作人员短缺; 不遵守相关法规的处罚可能使组织损失数百万甚至数十亿美元。</span></p><h2><strong style=\"color: rgb(0, 0, 0);\">IAM系统有哪些好处</strong></h2><p><span style=\"color: rgb(0, 0, 0);\">实施身份和访问管理以及相关的最佳实践可以通过多种方式为您提供显著的竞争优势。 如今，大多数企业需要让组织外的用户访问内部系统。 向客户，合作伙伴，供应商，承包商以及员工开放网络可以提高效率并降低运营成本。</span></p><p><span style=\"color: rgb(0, 0, 0);\">身份管理系统可以允许公司在不影响安全性的情况下，横跨多种本地应用程序，移动应用程序和SaaS工具扩展对其信息系统的访问。 通过提供对外部人员的更多访问，您可以促进整个组织的协作，提高生产力，员工满意度，研发和最终的收入。</span></p><p><span style=\"color: rgb(0, 0, 0);\">身份管理可以减少IT支持团队关于密码重置的帮助台呼叫次数。 身份管理系统允许管理员自动执行这些以及其他耗时且昂贵的任务。</span></p><p><span style=\"color: rgb(0, 0, 0);\">身份管理系统可以是安全网络的基石，因为管理用户身份是访问控制图片的基本部分。 身份管理系统几乎都要求公司定义其访问策略，特别是概述谁可以访问哪些数据资源以及他们可以访问哪些条件。</span></p><p><span style=\"color: rgb(0, 0, 0);\">因此，管理良好的身份意味着更好地控制用户访问，从而降低内部和外部漏洞的风险。 这很重要，因为随着外部威胁的威胁不断增加，内部攻击都非常频繁。根据IBM 2016年网络安全情报指数 ，大约60％的数据泄露是由组织自己的员工造成的。 其中，75％是恶意的; 25％是偶然的。</span></p><p><span style=\"color: rgb(0, 0, 0);\">如前所述，IAM系统可以通过提供实施全面的安全，审计和访问策略的工具来加强法规遵从性。 现在，许多系统都提供旨在确保组织符合要求的功能。</span></p><h2><strong style=\"color: rgb(0, 0, 0);\">IAM如何运作</strong></h2><p><span style=\"color: rgb(0, 0, 0);\">在过去的几年中，典型的身份管理系统包括四个基本要素：系统用于定义个人用户的个人数据目录（将其视为身份存储库）; 一组用于添加，修改和删除数据的工具（与访问生命周期管理相关）; 一个管理用户访问的系统（执行安全策略和访问权限）; 和审计和报告系统（以验证您的系统上发生了什么）。</span></p><p><span style=\"color: rgb(0, 0, 0);\">调节用户访问传统上涉及许多用于验证用户身份的验证方法，包括密码，数字证书，令牌和智能卡。 硬件令牌和信用卡大小的智能卡作为双因素身份验证中的一个组件，它将您知道的内容（密码）与您拥有的内容（令牌或卡）结合起来，以验证您的身份。 智能卡带有嵌入式集成电路芯片，可以是安全的微控制器，也可以是具有内部存储器或单独存储芯片的等效智能。 软件令牌可以存在于具有存储功能的任何设备上，从USB驱动器到手机，于2005年出现。</span></p><p><span style=\"color: rgb(0, 0, 0);\">在当今复杂的计算环境中，随着安全威胁的加剧，强大的用户名和密码不会再削减它。 如今，身份管理系统通常包含生物识别，机器学习和人工智能以及基于风险的身份验证等元素。</span></p><p><span style=\"color: rgb(0, 0, 0);\">在用户级别，最近的用户身份验证方法有助于更好地保护身份。 例如，支持Touch ID的iPhone的普及使许多人熟悉使用他们的指纹作为认证方法。 较新的Windows 10计算机提供指纹传感器或虹膜扫描以进行生物识别用户身份验证。下一部iPhone将于今年晚些时候推出，传闻其中包括虹膜扫描或面部识别，以对用户进行身份验证，而非指纹扫描。</span></p><h2><strong style=\"color: rgb(0, 0, 0);\">转向多因素身份验证</strong></h2><p><span style=\"color: rgb(0, 0, 0);\">Abousselham说，有些组织正在从双因素身份转变为三因素身份验证，结合了你所知道的东西（你的密码），你拥有的东西（智能手机），以及你所拥有的东西（面部识别，虹膜扫描或指纹传感器）。 “当你从两个因素变为三个时，你可以更加确信你正在与正确的用户打交道，”他说。</span></p><p><span style=\"color: rgb(0, 0, 0);\">在管理层，由于上下文感知网络访问控制和基于风险的身份验证（RBA）等技术，今天的身份管理系统提供了更高级的用户审计和报告。</span></p><p><span style=\"color: rgb(0, 0, 0);\">上下文感知网络访问控制是基于策略的。 Okta的产品总监Joe Diamond表示，它预先确定了一个基于各种属性的事件及其结果。 例如，如果IP地址未列入白名单，则可能会阻止该IP地址。 或者，如果没有表明设备已被管理的证书，则上下文感知网络访问控制可能会升级身份验证过程。</span></p><p><span style=\"color: rgb(0, 0, 0);\">相比之下，RBA更具动态性，并且通常由某种程度的AI启用。 随着RBA，“你开始开放风险评分和机器学习到认证事件，”Diamond说。</span></p><p><span style=\"color: rgb(0, 0, 0);\">基于风险的身份验证根据当前风险配置文件动态地对身份验证过程应用各种严格级别。 风险越高，认证过程对用户的限制越严格。 在用户可以访问公司的信息资源之前，用户的地理位置或IP地址的更改可能会触发其他身份验证要求。</span></p><h2><strong style=\"color: rgb(0, 0, 0);\">什么是联合身份管理？</strong></h2><p><span style=\"color: rgb(0, 0, 0);\">联合身份管理允许您与可信赖的合作伙伴共享数字身份证。 它是一种身份验证共享机制，允许用户使用相同的用户名，密码或其他ID来访问多个网络。</span></p><p><span style=\"color: rgb(0, 0, 0);\">单点登录（SSO）是联合ID管理的重要组成部分。 单点登录标准允许在一个网络，网站或应用程序上验证其身份的人员在移动到另一个网络，网站或应用程序时进行身份验证。 该模型仅适用于合作组织（称为可信赖的合作伙伴），它们基本上为彼此的用户提供保证。</span></p><h2><strong style=\"color: rgb(0, 0, 0);\">IAM平台是否基于开放标准？</strong></h2><p><span style=\"color: rgb(0, 0, 0);\">通常使用安全声明标记语言（SAML）发送受信任伙伴之间的授权消息。 该开放规范定义了用于在安全机构之间交换安全断言的XML框架。 SAML在提供身份验证和授权服务的不同供应商平台之间实现互操作性。</span></p><p><span style=\"color: rgb(0, 0, 0);\">但是，SAML不是唯一的开放标准身份协议。 其他包括OpenID，WS-Trust（Web服务信任的简称）和WS-Federation（由Microsoft和IBM提供企业支持）和OAuth （发音为“Oh-Auth”），它允许第三方使用用户的帐户信息。 Facebook等方面的服务，不会泄露密码。</span></p><h2><strong style=\"color: rgb(0, 0, 0);\">实施IAM有哪些挑战或风险？</strong></h2><p><span style=\"color: rgb(0, 0, 0);\">成功实施身份和访问管理需要跨部门进行预先考虑和协作。 在项目开始之前建立有凝聚力的身份管理战略 - 明确目标，利益相关者支持，定义业务流程的公司 - 可能是最成功的。 Shaw说，身份管理最有效“当你拥有人力资源，IT，安全和其他部门时”。</span></p><p><span style=\"color: rgb(0, 0, 0);\">通常，身份信息可能来自多个存储库，例如Microsoft Active Directory（AD）或人力资源应用程序。 身份管理系统必须能够在所有这些系统中同步用户身份信息，从而提供单一的事实来源。</span></p><p><span style=\"color: rgb(0, 0, 0);\">鉴于当今IT人员短缺，身份和访问管理系统必须使组织能够自动且实时地管理不同情况和计算环境中的各种用户。 手动调整数百或数千用户的访问权限和控制是不可行的。</span></p><p><span style=\"color: rgb(0, 0, 0);\">例如，为离职员工取消配置访问权限可能会陷入困境，尤其是在手动完成时，这种情况经常发生。 报告员工离开公司，然后自动取消对他或她使用的所有应用程序，服务和硬件的访问权限，需要一个自动化，全面的身份管理解决方案。</span></p><p><span style=\"color: rgb(0, 0, 0);\">Abousselham说，身份验证还必须易于用户执行，IT必须易于部署，最重要的是它必须是安全的。 这解释了为什么移动设备“成为用户身份验证的中心”，他补充说，“因为智能手机可以提供用户当前的地理位置，IP地址和其他可用于身份验证的信息。”</span></p><p><span style=\"color: rgb(0, 0, 0);\">值得记住的一个风险是：集中操作为黑客和黑客提供了诱人的目标。 通过在所有公司的身份管理活动上添加仪表板，这些系统可以比管理员更多地降低复杂性。 一旦受到攻击，他们就可以允许入侵者创建具有广泛权限的ID并访问许多资源。</span></p><h2><strong style=\"color: rgb(0, 0, 0);\">我应该知道哪些IAM术语？</strong></h2><ul><li><strong style=\"color: rgb(0, 0, 0);\">访问管理</strong><span style=\"color: rgb(0, 0, 0);\">：访问管理是指用于控制和监视网络访问的过程和技术。 访问管理功能（如身份验证，授权，信任和安全审核）是内部部署和基于云的系统的顶级ID管理系统的重要组成部分。</span></li><li><strong style=\"color: rgb(0, 0, 0);\">Active Directory（AD）</strong><span style=\"color: rgb(0, 0, 0);\">： Microsoft开发了AD作为Windows域网络的用户身份目录服务。 虽然是专有的，但AD包含在Windows Server操作系统中，因此得到了广泛部署。</span></li><li><strong style=\"color: rgb(0, 0, 0);\">生物识别身份验证</strong><span style=\"color: rgb(0, 0, 0);\">：用于验证依赖于用户独特特征的用户的安全流程。 生物认证技术包括指纹传感器，虹膜和视网膜扫描以及面部识别。</span></li><li><strong style=\"color: rgb(0, 0, 0);\">上下文感知网络访问控制</strong><span style=\"color: rgb(0, 0, 0);\">：上下文感知网络访问控制是基于策略的方法，其根据寻求访问的用户的当前上下文来准许对网络资源的访问。 例如，尝试从未列入白名单的IP地址进行身份验证的用户将被阻止。</span></li><li><strong style=\"color: rgb(0, 0, 0);\">凭据</strong><span style=\"color: rgb(0, 0, 0);\">：用户用于访问网络的标识符，例如用户密码，公钥基础结构（PKI）证书或生物识别信息（指纹，虹膜扫描）。</span></li><li><strong style=\"color: rgb(0, 0, 0);\">取消配置</strong><span style=\"color: rgb(0, 0, 0);\">：从ID存储库中删除标识并终止访问权限的过程。</span></li><li><strong style=\"color: rgb(0, 0, 0);\">数字身份</strong><span style=\"color: rgb(0, 0, 0);\">：身份证本身，包括用户描述和他/她/访问权限。 （“它的”因为端点，例如笔记本电脑或智能手机，可以拥有自己的数字身份。）</span></li><li><strong style=\"color: rgb(0, 0, 0);\">权利</strong><span style=\"color: rgb(0, 0, 0);\">：指定经过身份验证的安全主体的访问权限和特权的属性集。</span></li><li><strong style=\"color: rgb(0, 0, 0);\">身份即服务（IDaaS）</strong><span style=\"color: rgb(0, 0, 0);\">：基于云的IDaaS为驻留在本地和/或云中的组织系统提供身份和访问管理功能。</span></li><li><strong style=\"color: rgb(0, 0, 0);\">身份生命周期管理</strong><span style=\"color: rgb(0, 0, 0);\">：与访问生命周期管理类似，该术语是指用于维护和更新数字身份的整套流程和技术。 身份生命周期管理包括身份同步，供应，取消供应以及用户属性，凭据和权利的持续管理。</span></li><li><strong style=\"color: rgb(0, 0, 0);\">身份同步</strong><span style=\"color: rgb(0, 0, 0);\">：确保多个身份存储（例如，获取的结果）包含给定数字ID的一致数据的过程。</span></li><li><strong style=\"color: rgb(0, 0, 0);\">轻量级目录访问协议（LDAP）</strong><span style=\"color: rgb(0, 0, 0);\">： LDAP是基于开放标准的协议，用于管理和访问分布式目录服务，例如Microsoft的AD</span></li><li><strong style=\"color: rgb(0, 0, 0);\">多重身份验证（MFA）</strong><span style=\"color: rgb(0, 0, 0);\">： MFA是指对网络或系统进行身份验证时不仅需要单个因素（如用户名和密码）。 还需要至少一个附加步骤，例如接收通过SMS发送到智能电话的代码，插入智能卡或USB棒，或满足生物认证要求，例如指纹扫描。</span></li><li><strong style=\"color: rgb(0, 0, 0);\">密码重置</strong><span style=\"color: rgb(0, 0, 0);\">：在此上下文中，它是ID管理系统的一项功能，允许用户重新建立自己的密码，减轻作业管理员的负担并减少支持呼叫。 用户通常通过浏览器访问重置应用程序。 应用程序要求提供一个秘密字或一组问题来验证用户的身份。</span></li><li>**特权帐户管理 **：此术语是指根据用户的权限管理和审核帐户和数据访问。一般而言，由于其工作或职能，特权用户已被授予对系统的管理访问权限。 例如，特权用户可以设置和删除用户帐户和角色。 供应：创建身份，定义其访问权限并将其添加到ID存储库的过程。</li><li><strong style=\"color: rgb(0, 0, 0);\">基于风险的身份验证（RBA）</strong><span style=\"color: rgb(0, 0, 0);\">：基于风险的身份验证根据用户在尝试身份验证时的情况动态调整身份验证要求。 例如，当用户尝试从之前未与之关联的地理位置或IP地址进行身份验证时，这些用户可能会面临其他身份验证要求。</span></li><li><strong style=\"color: rgb(0, 0, 0);\">安全主体</strong><span style=\"color: rgb(0, 0, 0);\">：具有一个或多个凭据的数字身份，可以通过身份验证和授权与网络进行交互。</span></li><li><strong style=\"color: rgb(0, 0, 0);\">单点登录 （SSO）</strong><span style=\"color: rgb(0, 0, 0);\">：一种用于多个相关但独立系统的访问控制。 使用单个用户名和密码，用户无需使用不同的凭据即可访问一个或多个系统。</span></li><li><strong style=\"color: rgb(0, 0, 0);\">用户行为分析（UBA）</strong><span style=\"color: rgb(0, 0, 0);\">： UBA技术检查用户行为模式，并自动应用算法和分析来检测可能表明潜在安全威胁的重要异常。 UBA与其他安全技术不同，后者专注于跟踪设备或安全事件。 UBA有时也与实体行为分析组合在一起，称为UEBA。</span></li></ul><p><br></p>','https://www.csoonline.com/article/2120384/identity-management/what-is-iam-identity-and-access-management-explained.html',7),(7,'<h1>三个推动在物联网中集成身份访问管理方案的市场力量</h1><h2><strong>所有的“事物”都需要身份</strong></h2><h2><img src=\"data:image/jpeg;base64,/9j/4AAQSkZJRgABAQEBLAEsAAD/4SgMRXhpZgAASUkqAAgAAAAHABIBAwABAAAAAQAAABoBBQABAAAAYgAAABsBBQABAAAAagAAACgBAwABAAAAAgAAADEBAgAMAAAAcgAAADIBAgAUAAAAfgAAAGmHBAABAAAAkgAAALwAAAAsAQAAAQAAACwBAAABAAAAR0lNUCAyLjEwLjYAMjAxODoxMDowOSAxMDo1OTo1MAADAAGgAwABAAAAAQAAAAKgBAABAAAADREAAAOgBAABAAAAUw8AAAAAAAAIAAABBAABAAAAAAEAAAEBBAABAAAA5gAAAAIBAwADAAAAIgEAAAMBAwABAAAABgAAAAYBAwABAAAABgAAABUBAwABAAAAAwAAAAECBAABAAAAKAEAAAICBAABAAAA2yYAAAAAAAAIAAgACAD/2P/gABBKRklGAAEBAAABAAEAAP/bAEMACAYGBwYFCAcHBwkJCAoMFA0MCwsMGRITDxQdGh8eHRocHCAkLicgIiwjHBwoNyksMDE0NDQfJzk9ODI8LjM0Mv/bAEMBCQkJDAsMGA0NGDIhHCEyMjIyMjIyMjIyMjIyMjIyMjIyMjIyMjIyMjIyMjIyMjIyMjIyMjIyMjIyMjIyMjIyMv/AABEIAOYBAAMBIgACEQEDEQH/xAAfAAABBQEBAQEBAQAAAAAAAAAAAQIDBAUGBwgJCgv/xAC1EAACAQMDAgQDBQUEBAAAAX0BAgMABBEFEiExQQYTUWEHInEUMoGRoQgjQrHBFVLR8CQzYnKCCQoWFxgZGiUmJygpKjQ1Njc4OTpDREVGR0hJSlNUVVZXWFlaY2RlZmdoaWpzdHV2d3h5eoOEhYaHiImKkpOUlZaXmJmaoqOkpaanqKmqsrO0tba3uLm6wsPExcbHyMnK0tPU1dbX2Nna4eLj5OXm5+jp6vHy8/T19vf4+fr/xAAfAQADAQEBAQEBAQEBAAAAAAAAAQIDBAUGBwgJCgv/xAC1EQACAQIEBAMEBwUEBAABAncAAQIDEQQFITEGEkFRB2FxEyIygQgUQpGhscEJIzNS8BVictEKFiQ04SXxFxgZGiYnKCkqNTY3ODk6Q0RFRkdISUpTVFVWV1hZWmNkZWZnaGlqc3R1dnd4eXqCg4SFhoeIiYqSk5SVlpeYmZqio6Slpqeoqaqys7S1tre4ubrCw8TFxsfIycrS09TV1tfY2dri4+Tl5ufo6ery8/T19vf4+fr/2gAMAwEAAhEDEQA/APdqKKKYBRRRQAUUUUAFFFFABRRRQAUUtFACYpcUYpcUAJijFLWTrfiTTPD6Ib6Yq8n3I0XczfgKANXFGKyNF8TaZrxkWzmbzY/vxSKVdfwNbFADcUYp2KTFACUUtFACUUUUAFFFFABRRRQAUUUUAFFFFABRRRQAUUUUAFFFFABRS0UAFFLQSACScAcmgAoqlp2rWWqpI9lMJRG21sdqtzErBIy9QpIoEpKSujjvEXjoWGpDSdKtheX/AEbLYRO/J9hyewrIj+IGq2oNxdQ2N5aIwErWcuWjz6/49K4PTLgza3cR3TFXvg8DP3RnPX8+D7ZrZ1K2i0rTLic2gt2lQ2wRc/MWAOTn0waAPYtL1K11fT4r6zk3wyjIPcHuD715v4sAsviHBe6gxSALG8DuPkO1huU/Ubh9SKufCGaZrHU4TnyUkRl9mIOf5CvQL7T7TUYPJvLaOePqFkXOKBnnGjyx6r8SV1DTTlMM1wU5RV2gBc9Cc816fVPTNOs9Ps0js7aKBWUEhFxk471doASkxTqTFACUUtZeua/p/h+2jnv5CiyPsUKuSTQBpUVHbXEd3bR3ELbopFDKfUGpaAG0Vl6j4j0rSn8u6ulEn9xeSKTTvEelapJ5drdKZD0RuCadna5HtYc3JdX7GrRRRSLCiiigAooooAKKKKACiiigApaKKAMvXNcttCsTcT/Mx4SMHljXHW+teLdeukNqyWNvIfkYxjafxYEmsz4g3ck/iIwEnZCgCj3PJrp7m7vT4e0uA6LJNciFZYjE4AQqOvHPTH51so8sU+54tTEyrV501JqMO3V+q1Gy69rfhi5gi14RXVtMcC4iG1gf5V2ME0V1bpNEweKRcgjuK8t8Z3esXtlp1xqNskEThiio2efcdjium+HN3JcaFLC5JEMm1c+hGaUoe4pGmFxjeJlh3e1rq+50VlptnpLMtnbpDHKcsF/vVfxmkZA6lT3pImLKQ33lODWR6qSSsjyzxP4E1Cx1waxosIuI/OE/k91YHPTuM0niB/EXjYWlguhtZpG293kPG7GDz6c16xUcvBR/Q8/jQMyPC3h2Hw1oyWUbb5WO+aTH3mP9O1O1bxNpWjt5d1cgSn/lmg3H9Ku6peCx0u6ucjMUbMBnuBXj2hW39veKIEvizxyuzStnsAW69ulaU4c129kefjsZKg4U6avKTsr7Ho+j+JLHU9kFtqWJsACOaIA/h0zW7i8X+KCT22lP6mvNvGuiWmjNDd2Krbvv2qsb+nOfr9K77w5fvqnh6yvJP9ZJHhj6kEgn9KUopJSWxWGxM51JUaqXMu2zRb+0SJ/rbdwPVPmH6c/pT0uIZFLLIuByeelTVyvxBla28I3c0S4kOE3jqATzzUHcZ2q/FDSNPumt7aGW8KHDPGQFz7E9aWz13w54/wBlhd25DxnzFhmO0k/7JB9O1efOnk6hY28drGbdrSJ3zFkMzRBiSfrTLCeZdPlvzCsd1bXluIXVNpAbzMj6fKKBHvEMMdvCkMKBI0AVVHQCsrxNqbaToNxdR8SY2ofQmtaFi8EbsMFlBI/CsfxZpr6p4duYIhmQAOo9SOaatfUitzezlyb2djyX+zL+7s5dTk/1fLF3blvp61ryaHZr4Zi1W0uzHfQxrJJCDyQSBuHp1qbQPFkOnyrBqlqXgij2KEXkEADkHr0/U1Q8Qa9FqWpSvp8BhgkiEO0gZIyD0HuBXZ77duh8klhoU3U5ryelut+56V4W1R9W0GC4lOZV+Rz6kd62aw/CGmyaZ4dgimBWR8yMp7Z7Vu1xytd2PrKHN7KPPvZXEooopGoUUUUAFFFFABS0lLQAUtFLQB5z4/0XGpQamQ32Z8JOyjJX3/KtHT/E+ihLbbqMkS20BgAmXluBg/oK7OWGOeJopkV43GGVhkEVyV18OdInlLwyTwA/wA7gPpnmtVJNWkeZVwtWFV1cPb3t73/A5rxRqul6lptvaQXU81xa8RkL8r5IzXaeC9IfSdBRZV2zTHzHHp6UaR4K0jSZhOsbTzr915jnb9B0re/1B/6Z/wDoP/1qU5prljsVhcJONR161uZq2nb/ADJailxEfOJwoGH+nr+FLLOkS/3mPCqvJJrD8R6muj6Wb28USyM4jt7bOFLnpn19c9sVkeibH2hpf+PePcP77cL+HrSPayTRsJZ2OR0T5R/jXjd7rniiW6dm1+3t/LYr5UVyEVPbA/rXYeEvF968sNhrM0Fw824W9xAQ28r1U4780Adi+n2t1ZPG0KYlQqWIyeR615rBLe+Br+5t7qyM9pMflccZx0IP9K7jSNT1W6vb2CbTRDFE58p3YjIJrXeK5lXD/ZwD2Klh/SrjLl0ZyVqCxFpxdpK9nb5PR9Dya8uNR8b6nDFa2pSJOB1IXPUsa9W0uwTTNMt7KPlYUC59T3P509IbiFcILfHoqFB/WsvVtbvdLubOJdNa4E77WaJiQo/KnKXNotiKGGjhuapOV5Pd/wDARuVT1TTYNW0y4sbgfu5kKnHb3rjvFXjXUIrt9L8PWrzXaLmaTy9xj9gPX61y9r4l8e2spknhubiL+NJLcAY74IAIrM7h13pXjnRnEFlNcXNpH8kTRBWG0cDg+1aeheGPE2szRy+Ibl0tInEqwyYLOw6ZA7c13nh7WrbX9HhvrYbFPytGeqMOorUoArQzkt5MqhJQOnZh6ilOZjgf6vuf73/1qW5tkuYtjZBHKsOqn1FRx3IjVkuWSN4x8xzhSPUe1MDH1TwbpGqSmaSExSnq0Rxn6ik0zwbpGlzCZITLKvIaQ5x+FacWtaZPL5UV/bs/90SDNXutPmdrXMfq9Ln5+VX72G0lQX1w9vaSvDH5syqSkY/iNVtDvLy/0xJ7+1+zTkkFPbsaVjTmXNyl+ilpKCgooooAKKKKAFpaSlyAMk4AoAWlrm7zx34dsZzDJfq7qcHylLAfiK1NK1zTdaiMmn3ccwX7wB+ZfqOtAGhS0UvQUABIAySAPeo5p1iiyBvLcKq9WPpXkOsandeJdR1K5u9QnstGsHCYiBO47sY6/ePJ5qTQtQufDmu6WY76a+0nUG2RtKD8mTjueo4zSA9D0Hw/LpE9zPPevctOcgMOE9h/kVz/AMUoJTpenXihjDbXQaXAzgHv+mPxrvqiubaG8tpLe4jWSKQbWVhkEU27kxgoKyPLvDmhaB4lsNWiW/mLyTefIQu0pyxGMjpgnP0rF8NW8Nx4j0az064a5+zTySySeWVCrx/hXcL8OIrO5mk0rVbuyjmGJI0wcj05+ta2jeHtG8H2bvGwVm4eeU/M3t/9YUht21Z0VFY9zrUoVjbWbMoGd8zBF/xrDGveJ7m4aOHTbaNB0kdztP04zVKLZjPERg7Wb9E2dpQQDXnl/wCN9a0a6EN/Y27ZGQUY4I9q0NN+I2m3RCXcUls397qtV7KVr2MFmOGc/ZuVn56HNWNxDpXjXxBHqN8tm0ro6PIxUOA4bGcHqOK3v+Eg0aNVZvEFs4RCCPMyT1/2efzrQ1/wto/jK3juVmAmAwlxCQcj0PrXOWXwhgjuQ15qTTRA52RptJ+pzWZ2p31Rd+E8EqaBdzOCIpbj93nvgcmu/qGzs4LC0itbaNY4Y12qqjgCpsUDErxPxB4gk8VeJpLQzSR6bDvCLEcFwoPP44r2t13IwzjIxmvBPDdvY6X4tki1u5EEVsXVsgneemOOx60AUbGHR7y9it4k1COSRsK5lQ7T6/drvPhv4putQkfRrycsyIXhkPLEDquanj1fwOZpFEdlbBQfKnjDFs9jjbxXPfDfTy/jaWW3cyW1qj/vQMBgeF/Pr+FMD2NY1QfKPqfWlqnqWrWGkQedf3UcCHpvPJ+g71l2fjfw9fXAgi1GMOxwA4Kg/iaAN+kpeoyORSUAJRRRQAUtJS0ALXA/FDXJtP0yDT7dyj3ed7DrsHUfrXfV538VtHmurG11GFC4tyVkA7Ke/wClAHM2Hg6zfQ9M1V55LhblmE0UQPyYBPUAnjHNVr23l8Ha3Z6lpk7+S5yMnOQMZU+oIIqn4b8Ty6FIYZovtNhIcyQlsEHGMqexxT9VktvE3iGC30Kxmhik2osTHPPc45AH+FAj3q0uFu7OG4T7sqBx+IzU+Kp2VtLY2MFspSRYo1QZ+U8DHvUzXAjRmlR0VRknGRj8KQzyzWvDup6Brd61lp0ep6df/NJAwJwAwJ6Hg56Gp9A8M6rrWuWV/qVgmn2FiQYbdQRnByB1+mTXfaLqtprL3V1aSb1VxFyMEADP8ya1qb0JjJSV4u6CiimyOI0LHtSKILu8S0RWYE7jjgdPc1x2oytfaizTvC5iCeWuMgkn0I4PGK6SRzIxZu9cprer3KavHpNvYIWlxslf19R9KuCu9DkxcoxjeT0v26mZ4n1nVrK8tvNt4Ft8FkTO9XI7np09K62z1FJNJivbnEIZNzbuK4XxPdW8FjBo4ilaWFi5lkbocnOPUGsuPW9SmFlbpLzA2IsDueOfWt/Zc0VY8b+0fq+JmpNyvbTs+q6E/iO5/tbxI4twWBKxx54z/nNb1xo2sad4bFpAIJBz5hQYfB5x796i0kxWXiKZtWRri6bBjnRMoAR1/pXU6XHcz2QN7GgDsWwQdzc5BPpxjilOdkktkaYTCqrKpUm3zSvt09TlPDKarYWiPp0DrO8377zQdpQdgK9QtZzPECw2uOozWcAAMAYp0bmNww7VjOXM7nrYXDLDwUE7mtWPJ4jtU8QDRhHI1yV3A4+XpmtZHDoGHQ03yIvO87y083GN+OcfWpR0SUnblYxo8gtOw2jnb/CPr61x/ifwpovimfzob2GDUANu9GB3+mR3rM8X6nf6v4g/sKwk2Rp9/wCbaCcZJJ9AKZJ4EjgsVmiu7hblVJD4AWRvQdx+PWrUFa7Zwyxs3OUaUOZR3d7fcZkfwjv/ADD5uoQCMd1U5NeheHtGsPD+jCO0TAK75Xb7zEDnNZPgbxBc6jaT2N2GkubUgBuMsvTn3BFdHHHLILm2baiZIx1OGH4VMk4uzOujVjWpqpHZng+pX2oeMfEpKZeSZysERPCr2H5V1DeHNI1OzaCKGO3u4sRO8W9THJ2Do2eCe4rM0T7N4K8auutW8hWEsIpV7ejAd8il8R+Ohqd40+mWRspThXm3gtKoORkY45ApGh2fw31e6ubO70m9YtPYOFBY5O3kY/Ag13Jrgvhlpt2lvfaxehhJfMNu4YJAySfxJ/Su9oGIaSlpKAClFIKcKAAUjxpLG0cihkYYKkZBFUdU1vTtFSNr+5WESNtXPerySxyRq6OrKwyCD1FAHI3vwz8P3k5lWOWAsclYnwPy7VtaH4W0rw+pNjbBZGGDKxyx/Gtbcv8AeH507cv94fnQA6qt9qNjYxH7ZdQQhgcCWQLu/Oq2u6oNJ0a4vFILovyD37V5foVhc+JNRubq6Vrp++85yT/9arjC6bexxYnF+ynGlFXlI9T0OOwTT1NgYCjnc5hYEFvwrSrx25e78IeI45LcGFGCl48/Kw7jFeu21wlzbRzIfldQw/EUpw5de5WFxKrc0WrOOjRLWHql2JNbtbAPgrG1wwB687QP1J/CtyvO/FNxJYeMbPUI8lCfIbP0HA/OlBXdisVV9lBS6XV/vOsqCaCEzJcOqmSMEIW4xmsvUvEttpupRWckUjs4BLL0XJ71wvibX5dXvDGpKW0RKqgbhjnrVwpSkzmxmY0aEX1a6eZa8aXMN7dQToFWVQ0Ui7wSMHI4/E1z1kksl9bpA22ZpFVG9GJ4qCtvwvo76tqqHpDAQ8hzjvwB712WUIHyjlLGYpOK1kzuItUtdIa3sr11N+6AEqcj25PStC41MqkTWkDXHmAE7CPlBGRnmn3WlWl3bSQtGF39XX72fXPWs228PRaW8c8d7dlIwA6FyVYD29OelcXus+xtXg+VW5fxX+ZvKdyg4IyOhparzXQt2zIjeVtz5gGQPXNTgggEHINQdSa2L1k/DJ+Iq3WdaHE49xWjSKPKPFdnJo3jSLUZFf7LLMkpZe4BG4fpWhefEC1vI9St2VxA6bbYhOc45z+Nd/eWNtqFuYLuFJoz/CwrCPg/w5YBruS1UJGNx3sSorZTi0lJbHlTwdeFSUqEklJ3dzF+GulTwW91qUylVnwkeerAck/n/Ku1+7fn/bj/AJH/AOuKSwvbO8s0ms5Y2gPCleAMdqJGX7dB8w+4/f3Ws5ycpXZ3YWjGjRjTg7pFTWPD+ma7EI7+2WXH3W6MPoa5CbQPAfhu8BvZ4xMvIilkLkfVRn9a6PxhrbaH4bubuFh53CRn0Y8ZryXwbY2+ra88+sQvc2zZDszdZD0zz9aRuey6VrWlarHjTLyCZUHKIcFR/u9RWhXg+u/8U94q+2aMj20CtmAhsg46jr09q9s0m/Gp6Ta3qjHnRh8eh70AW6SlNJQAopaQUtAGTrvhrTfEUcK6hG7eS25SjbT7j6VpxWsEMSRRxKqIoVRjoBUlLQA3yo/7i/lS+VH/AHF/KnUtAGD4h0r+09NvrWJB5rRq0fuRXnXhbVptD1OSGUpCCfnMpxtI4/GvXT8t+p/vxkfkap6h4d0rVHMl1ZxvJ/fAwauE7JxexwYrByq1I1qbtKP4nluqzXXijxIkMIWU52qYzkYzyc16zaxw6esFuXRdsQQZIGcVW0rTbHStPZ7S1jjcKdxUckj3rzLQtKfx1PqOoX+qSxzJkRxgHERPKkc89OlE581ktkVhMK6LlOTvKW57J1ryP4iSzDxN5bHEaRq0ePfqfzrpfhrqtxf6ZeW01w9zHaS7Ip3BBdT061R+J2msRaami5AzDIR27r/WqoO0zDOISlhJOPSzMPTtRn1q0+wyybbxZI/LnXAYrnHPrjNbF74Chn+eG7KTE5YlflP4DpXC2Fz9j1C3uSNwikVyPXBzXsOn6hb6nZpc2z7kbt3B9DWlW8HeJ5+WeyxsHCvrJfl3PK73w7qdjLIr2sjIhP7xRkEetbHgO/gtdRnt5m2NOo2EnAyM8frXoNxn7NLjGdh6/SvE3JErEn5s9qqEnVi0znxeHjlleFalrvo/68z21LiGVyiSozDqA2SKeyh1KnoRg15V4RvDa+IYBjcJcxn2z3/SvVXJVGI6gZrCpDkdj3cBjFi6Tna2tjiPGeoXtlbxWCToIpAc7c72UevpWTqHia4fStPtrScqyIDLjruB45rI1e6ub3UZZrksSWIXPTAOOKpxuY5FdfvKQRn2rqhTXKrnzOKzCpKtPkbSenokeqaJqg1XVtOAkkWZIC80eMKcqCDXa1yPghLe5t5tRig2lzsDHqPVR7A111cU97H1mEblTUpO9wqlfzWLW0sF3LFsdSGRmxkVleMtck0TRS8BxcTHYh/u+priIPBl3fW8d5qWovFNOu9V8l5Tg9MkdKqMLq7djPEYuUJ+zpw5nu9bJL1Z6RpGn2dlpkMNrEixBc8c8nrzVzyY8/6tfyrzTRbvUvCfiaPSL2UyW02Mc5GD0YZ6V6dSnFxZpha8a0NFZrRrsc1410RtY8MXNvboDOuJEAHUjnFeXx+MzaeD28ONpm2RVZDOZMEEsT93b2z617pWBqvg3QtYmM13Yr5p6uhKk/XFSdJ5dqHiqXxNodl4ettJ2zq6BZFk3FiAR02+/rXr2jWH9l6LZ2JOTDEFJ9+9QaT4Z0jQ8tYWaRuRgyH5m/M1rGgBDTTTjSGgAFLSClFAC0tJS0ALS0lLQBBdfIYpf7jgH6Hj/CrIqOWNZonjb7rgg4plnK0sA3/6xSUcf7Q4P+P40gEh+S5nhPQ/vF+h6/r/ADrjdT+GVneag9zaX09mrv5jRx9A3qPSuyu1KeXcqPmiPIHdT1H8j+FSeeHx5Q3579vzoAoaFodl4f05bKzB2g7nZj8zH1NWNV06LVdNns5hlJFx9D2NZdvo0mn+I59VkvJJEuflMfQIf8K6Cns9CEueLU1/wx4Bqemz6VqEtpcKQ6Hg+o7GrnhnUW0/WrdjIRE7bHGeOa9T8T+F7fxDa9o7uMfu5MfofavL9a0SXS5WYoYSuMxseR7g9xmuyNSNSPK9z5LEYCrgq3tqesU7o9B8S3P2bw/dSCQoxTarDrk15HXb6/eyar4Ls7tHPyuFnAOOQMfzriKdCNosWdVva1o22smvmaGhXQs9cs5zjAkAOewPH9a9L8Tal/ZuiyypJslf5Yz15NeSVbvNSvdSZPtdw8u3hQeg/CnOlzSTMsHmLw1CdJLV7GpdpN4jv4otNgZo4o1XJGAPUn8aji8LalJqENp5Y3SOU3DOBjqfpXo+i2llaQRWtlGiyMoZgvU8dWNdFBbJEMkAv64rD27jpHY9lZPCr79WV5Pe23oR6Zp8Ol6dBZwDCRLjPqe5q3miufutIm1LxHbalFeyRQW2F8sdHIJzj27Vhvue0/cilBFH4haXNqGhLLApdrZt5Uddveuet/G+n/2baJf2sk9zFHtLIABx0616ccYOcY75rmm8HaHqcj3k9iFMrZURsUG31wD36/jVxnG1pHFicLVlP2tCSTas77HE2k934y8ZQXIi2RwhenIRAc8/nXq26VeqBv8AdNQ6fpllpcHkWVukMfcKOT9T1NWqU5cz0NcJhnQi+Z3k3dshNxGoJkJQDklhgD8apaXrum6y0y2F0kxhOHA7VoOiyIyOAVYYIPcVj6H4X0zw89y9hG4a4OWLvuwPQe1SdZsUhpaQ0AIaQ0pppoABThTaWgBwpRTRSigB1c34q8Z2PhiNEdGuLuQZSFDjA9SewroxXlunWttrfxV1S31WATqsbeWr/wAJUrj9M0ATr8UNTtmSa/0EpaOeGUsDj6ng12mna3ZahFDqNjJ5lvdDayj7yuPUdj2/KsXT9H02+1G+hutIjSJy5diHG/a3BOeKxPhcwmuNbtUUi0LhkH93k4/T+VID0vy3l/1pwv8AcH9TUcH+iy/Zjwh5iP8AMUttK2Wgl/1qd/7w7GpZoVmj2tkdwR1B9RQA9lV1KsAQeCDVZHa1cRSkmM8RyH/0E/0P+S6GZg/kzYEo6Hs49R/hU7KrqVYAqeCDQAtVb7TrTUYDDdwJKh7MKydcv9S0aKH+z7Rr0SPgpySg/wAK3kJZFLDaSMkelPbUi8ZNwZx1z4EMMM0WlX7QxS/egmXen4dx+tctL8ONdjYhDayj1WTH8xXrUkiRRtI7BUUEknsK8u1D4ga5rGpSWnhiyaSOM48wR7iff0A+taRrTRw1sqw1W101bsytD8N9ckYbzaxDuWkJ/kK39N+GdrCwfULtpyP4IxtX8+tZVj4917Rb+O38T2DJBIceZ5e0j39DXp8UiTRJLGwZHUMrDoQaHWm+pFLJ8JTd+W/qRWljbWMIitoVjUeg61YqKW5ihIVm+c9EXlj+FRFJrn7+Yov7oPzH6ntWR6aSSsgeRrlzDCcIOJJB/Ie/8qsoiogVRhRwBSIixoERQqgYAFQXNyUPlRcyHqeyD1NAxtx/pMn2Ufc6yken938f5VLiSIcfOg7dx/jToYlij2qck8lj1J9akNADEkVxlT9R6UtNeNXOejf3h1pm94/vjcv95R/SgCQ0lIGDAFSCD3FFMANNNLSUAIaSlpKAClpKUUALS0gpaAFrhfF/g+/utRGtaDcPBf7dsio5QsPUEV3VLQB4xBpPxCupvIa51KNTwzSXRC4/OvSvCXhmLwxpX2cP5txKd80mOp9B7Ct6ikBFcQeaFdG2TR8o38wfY0ttcrcKQRtkXhl9P/rUZM5wOIx1P97/AOtSTWwk2sjeXIv3XA6ex9R7UASTQpMm1h7gjqD6ioRNJb/LcfMnaUD+Y7V5n4v+IWoxai+k6Vsikiby5Zk+Ys/TC+n+NVre+8ZaRbyXmoalBsVDIbS5mDPKo5IAHI4+lAHrUXzsZT34X6VLWboWrwa5o8F/bjCSLyv90jqK0qAMTxesreEtTEGfMNu2Mdelcd4CntLjwc1jZyLHqAlLSgSFGbng5DKenvXpboroUYAqwwQe9eV698Lbtb57rQbmNY3JPkuxQp9CO1AGj40eCz8ETW+oNvuJJP3G5y53euSzH9a3/B1rO3g/SxczzD9wPkU7cL/DyOemO9cloXw21G4khk1+9D2iN5i26OX3H3J6V6XcSpY2LyCMlIUyEQdgOgoEPit4oARHGq55JA5P1PenkhQSSAB1JrH0bW5tcsBcwWTQZYqfObpj0xyf0pmv36aLpUl9ct58g4jjPClu3FOzvYn2keT2l9NzTMz3HFvwveUjj8PWpYoUhTao68knksfU15FJda/qCR3L6kIEkG+OMbwAuSBgKpAHFdBoOvatpd5a2usypPaXR2wzbvmBwCDzzjnuKt0mlucVLMYVJW5Wl36Hd8wH/pl/6D/9apc96DzXC+LvFl5pl4NG0OE3F+yb2wu7yh9P84rM9A7mkrww3/joz+b5uobs59vyruPCHjG9ur8aLr0Jhvyu6J2Xb5g9CPWmB2zRfMWQ7G746H6iobi9is4Wlu2WKNerk/LVo1WvrK31GzktbqPfDIMMucUCd7abj4LiK6gSeBw8bjKsvQ0+obS0hsbWO2t02RRjCr6VKaAV7ahSUGigYUUUUALS0lLQAtUNa1WLRdKmvpRkIMKv95j0FX65fx/Zy3fhhzECxhlWVgP7oBB/nmnFJtJmVecoUpSgtUnY5O51HVb5EvNR1r+z0l+aGFASSvrgdvrWpo2vX9jeW1rf3i3mn3R2xXKevofQ+1c7rklheeH9PurcqLpT5cqk/NgD+VXngtZV0LS9PAe5PlzTshyA3JOffn9BXQ4rlPApV6ire7K+3V636W277JWPVwAAAOlOpijCgegp1cp9IeKWPhuzn8T6sNX1WOxltbkuqyEAyfNuB57Yx+dRXOseGk0G6jjtppNYfen2g8hgSRnPpjtXpviXwXpniUrLOGhuVGBNH1x6H1rB074TaZbXKy3d3LcopyI8BQfrQBa+F4+z+F0jmbY8sjPGjcEr6jPUV3NQi2txbrb+ShhUABCowB9KhFttmKwzSxqB93duGfoc4/CgC5SHoag23a/8tIn+qlf8aC10AcxxH6Mf8KAJIP8Aj3j/AN0fyqQjI5qpC10bePEcQ+UdWPp9Kftu26vEn0Ut/hQA+BVjLxqAAGyAPfmuP+I6efoieW25oZAzqvJAPc+ldQ1qPtCmaaRw4xjdtGRyOmPfrU7Wtu1u1uYU8lgQybeCD7U4uzTMq9JVacqb6qx5Zpl3GtlZMqo4SEKymVF5DN1ywPeqV8ZtW8W2kcbB5GEYwjAhTgZHHHFdZe/DSwmnL211JAhOdmN2PpWvoXhWw8PTCSIGWZxt85+o9h6Zrf2kVqtzyI4HEScadSyimne+9vKx0PbFeJTG8fx/r2w4ucTBCTjAyNvXtjFe215/438G3l7e/wBtaJI8d9txKsblC+O4I74rnPcOGL6F/aYdlP2nbguF/wBH83+9jripbk3ieM9CMjZuv9HyUOQfm7Y7VSMfjET+SW1nzM4xvkx+ecV3fgvwZfQ6guta7JJJdIP3KSOXZfck0xHodJRSUDCkoNBoASiiigAooooAKWkooAdQQHUqwBBGCD3pKWgDkr/4d6VeXBmhkmttxyUTBX8Aelauh+F9O0EFrZGeZhgyyHLfh6Vs0tU5yas2YQwtGE/aRik+4tLTaWpNxc0tJmikArMFUsxAA6k1FbusiNIpBDsSCDnjp/SqHiDSm1vQ7nT1uGgMy4EijOOc8+1R+GdFbw/okWnvctcMhJLkY69gPSgDZrzjXdb1vXfEN3pGjXa2NpYoWubknGAOpJ9PpXo1eY63Y6p4X8SX+pWunvf6ZqSFLiNASQCOQccjvz70ATadquueFtYsLTVNQj1LTL5hHFcKc7WPTmvSa8tsLbUvF2r6cTpJ0zR9PcSKhUruI5AGeteo0Ac3401678P6XBc2Vl9plaYLyCQgweTj16fjW1pt297ptvdSQmF5YwzRnqpParLBWGGAI9CKKAFqjq9vc3elzwWcwhuGX5JD/Cau0maYmrqxS0i3u7XTIYb6cT3Kj539au0UlAJWVgpKKKBhSUUlABSUUUAFFFFABRRRQAUUUUALSbgKKKAE81RSGdRS4HoKNq+goAablR2pPtajtTti+gpPLT+6KAGfbV9KT7cB2qTyk/uik8mP+6KAI/7QH92k/tEf3al8iP8AuijyI/7ooAh/tIf3aP7S/wBmpfs8X9wUfZ4v7goAi/tL/Zo/tL/ZqX7PF/cFL5EX90UARf2j/s0f2hn+GpfIj/uil8mP+6KAI/t3+zSi9z/DT/KT+6KPLT+6KAGi7HpS/aQe1O2L/dFLtX0FACCcehpRID2owPQUtABuzRRRQAUUUUAFFFFABRRRQAUUUUAFFFFABRRRQAUUUUAFFFFABRRRQAUUUUAFFFFABRRRQAUUUUAFFFFABRRRQAUUUUAFFFFABRRRQB//2QD/2wBDAAMCAgMCAgMDAwMEAwMEBQgFBQQEBQoHBwYIDAoMDAsKCwsNDhIQDQ4RDgsLEBYQERMUFRUVDA8XGBYUGBIUFRT/2wBDAQMEBAUEBQkFBQkUDQsNFBQUFBQUFBQUFBQUFBQUFBQUFBQUFBQUFBQUFBQUFBQUFBQUFBQUFBQUFBQUFBQUFBT/wgARCAH0AiwDAREAAhEBAxEB/8QAHAABAAEFAQEAAAAAAAAAAAAAAAEEBQYHCAMC/8QAGwEBAQACAwEAAAAAAAAAAAAAAAEEBQIDBgf/2gAMAwEAAhADEAAAAenaAAAAAAAAAAAAAAAkAAAgAAAAAAAAAAAAAAAkgAAAAAAAAAAAAEgAAAAAAAAgAAAAAAAAAAAAkgAAAAAAAAAAEgAAEgAAAAEAAAEAAAAAAAAAAAkgAAAAAAAAAEgAEgEgAHga7S7rmgABABAABAAAAAAAAAAJIAAAAAAAABIAJBIAAABz2niYwb2M7UAAAQCAAQAAAAAAAACSAAAAAAAACQCQSACnNGpix6m5TOlHLKbEjGqyg2+oAEAAAggAEAAAAAAAAkgAAAAAAAkAkEgAkHPaYqeJkBgh1auRmCpowuh0StwIAAAIABAIAIAAAAAAAJIAAAAAABIJBIAJAIONEyQuxcTVabvXc6iiK4gAAAgAHmfYBAIBAAAAAAAJIAAAAAAJBJIAJMW7NfrnK8xu/B9vIOPUtadBzlhlmr030u3VFEVoABAAALSckp1st1IBh3Zr9P5/h7R2a/KOjd7mwPb3edwAAAAAkgAAAAAkAg1rkaLBcrzPymZ43oNo43pPY+Esd6sgncJNQpoZOjpdY1jB1etwBbinIBBWlcQAUpay5GMGYgFh5dHN+4+R+fPFuXDMyro3WN8unpPVfTPtQAAAAJIAAAABIBJo7N8di2Z5LMsb0G4sD2+n8/w9hXoXX+++gUJXkg18mviuNwRdFGqsnz+uszydXx79tYPs816tkqiKAgqTCU58SkL6vTK5AQDUuV5jXWw8LneH6nCsrze49f7vQ+0+cdAab67lfDLgAAAAEkAAAAEgEmNcsbnTdfHtvYHts0xt/jfdq8SyNJr7L8tvjT/Ws86tmKU9z0BMCiK2hrPv0mldt8uzzE9LW8cjXmV5zpHTfWr/ADICBaTmCz6KpKhas6TUDU2V5rB8zx+0sH2Ob4++5z2/y2x9ut6D032DKeGUIAAAAJIAAAAJBJJrXI0Wl9r8u2Zhew80oueN9GBZXmdq636JuHE9UBQRcAKHiRHuc87LwGH5nkOgtT9Pu/Xn827j5RtvWfRNq43o4oDHTndMdLil0WiOslEFnvVzXuPkvty6rx15+Nd2nv8Ai+l6P1n0j6IBAAAAAAAABIJJBg/brdC7j5HtvA9xfunaCw92r1Jn+H3Pqvp+z8ffiY8CKqCYoCiKQrjUWd4yzZOg3rq/ouId+k0jtPnW9tP9X2D07YAeVcrJkEVFeJB0WogojHueHqfO8XZ+zX5R0bvcOF7G5TsggAgAAAAAAAkEkgk8jmvafM8y687IenaDHe7VYJ36fpfUfVbhOSgKGPEpi4ldVDFcWa9POe2+ZfHZg0PPGy3B9d0Lr/eegqBAxNNDVYDPDectuMjqjPY9QCAQCCAQAAAAAACQSSCQCz8unRuw8Fi2V5teN/xfQbp13vsp4ZftQmKYspZDHbMjjPloitJKVMO7ddU8e3MOGb9AFOYPZUGSy3EAiviMWMkr3IIAIBAIIBAAAAAABIJJBIJBJbU+C7SyUde0e5azyMLTTtfINhRlHdqMX79NtfC9jJAJPM0tsfAbi13vuaKx5Bna9Nr6QBFfJjkZJQggEA0vm+Oyzp2+d9G6ggEAAAAAEgkkEgkEkgmFCYtN4a6yvObLxPTXI5Hs9zzMZMqOmIrLwrp2AADFueDrLhm0NZ9HwayrZsbHVUQIqjNFpgR6G0zcS054H1eFROXosEAgAAAAEgkkEgkEkgEwqYFgvDEcjz+zsb0cnIFmem1401WNHUEt2AAABz3ZcI2GW9dcplhtpRFRA0FZgSVyi2mzTc6+xAIBBAIAAAAJBJIJBIJJBMKxyTCTJqyGW6gk0wmibOj5dJ1kZ0vKAAABgyc2VVg8Tq2W8gEHmcY3jkq2AF9LadeKBAIB8ggAAAEgkkEgkEkgmFYrHNFmYGHnSUZksgg1qmDGSG2V9ks3PCwzI0Vg7tZR8uj7W7deblHRuMwx957uevk1PVQbljLFEAHicXXjs1d0S/RoizDjsNYBAIBBAIAAAJBJIMPNHpYkzFd8LeCYVJpFLMa6NjxcK3xKAABindqMa7MG6dexoeXRS8sXK8ffa7zfIazz/DVEyMh6Nvl/RuNq4PsqydwAAEFOc3WY4XEFrM/N+Lg6aWLaZ6brX3B8ggAAAkkkFjTlBL8tQUJ9nWC+oJjXtmiDNYw2t3RstQAIMV7NfrrK83kPVtcJy/L3rp2Wy8L2hNN7P51hWV5fKcf0Bce79Ln2F6zaOJ6rIurZACD4KI9zxOd7NeJ9LsU6Hlx+uVHGqNqy4RWQHQ6iCAQAASCSQaaTSCdSS61q+RomzqaXM7ZgSagTETOjaiyACDFOzBtvLpxfv0l1687BszyuL5Gh6F0v1/FsjSaq2HgKid2+dR9XxHI8/r/M8lnuH6zJ+nc5X1Z1SoGgNh4TZWH6vNevYUaYj2a+vnffuOV9RaavsaIs06m2Fqi9xomzsVyqCCAQAASCSSTTKaQS/Lu6MOrUidNOWdx6k0ixl+AAALalDYWy9mv1vm+NzTG9Hpba/Ms6w/V2vswbZ2YO5tZ9ItXPDvnVsrt150g+lvMvqCjcapysPLH5223zKovRR8unL8L12+sH2llLhWjE1idcS4ampqw5OwnKoBBBAABJJIJLAnKKU5WlStYdZL8R5g19k+eynp2uUcMwAAU6WewW/njc97n5BtfW/QtfZvjrJ3akXzp2/vO7J8fd3Przs7xfTyACoW8SgDQGw8NRdup2/r/c/KaB23zPdmo+qZd159FVLJylWbGCp8mz16GWAQQCACQSSCQYWmjixGYm+pb3UxJJrfv02ZdWxu/HIAAGB9+nvnTtgMMyfPZljeh0ltfmeKZHnheunbba130HIeraek5kAAF4lqFA5r2nzn05YfQGr+lW3ljc2bn5NurVfT9kY+7slXowqNL2Wwz03SvsQCCAQASCSSQSCSRE1MCaiLEZAAAC18sXC+7W5R0boAuMd+mwXK8tg+Z5MZH0bvZeD7akvRlnRvdfZflc8xPT1/HJAFWt1lA1Fleb1tsfB3jqz7pwzcEyNH03pfrd3nbZS80iKpTFUuy3sEA+QQASCSSQSCSSYVMDW3fpNQ7Dw9ROzIejcb2wPbVagDX+T5vGO3B2PhewBdXZ/h8OyfN2nt10IM1xPU5pi+lw3K87aeeBneL6jPcT1AAHot8lA8zUGX5jAMvy9dwytwYHtcz69h81ZovFIw2zmouiWpdmG+FgHyCACQfQPI8yrB9AmFfUY7yx+at38gy3G3eU9G61ZsPEbL13vd14frABhndqdFbX5pv/AE31rXWb4/2nbq/YeDhAJct3ar6hlWPu/O8aPlj0XLHvnVssd7tTkXTtpAL/ADlIAAKdPdYqyxeag5HTHk6bl1JWv06dcs3BBBABJJINIJj50KokExNUkYJkaPTe2+Xbq1n0TY2L6TnPbfMPnhmdEav6RcADD+3Wc/bf5XuHW/RteZnj6Tl0WTu1AAyHp3W+NR9TAFLy6aW9PleGKZGhzbF9LS8scZh151ROwACx8sfQ+x8F0NrPosFEVhS1x447rlgyQ0lW0jcKiCAQCSSQUp5lwJJBJJa4s3PE513XyDJOnbZ5iem1LsfC5/ge13Ng+zrwDVeb5HTWx+fe87s6w/W3/p2tNy6MLyvM4536QXfq2fQGn+s/SgDHe7Val2Pz6pnd9zl8GZ43pNs4fqPedgAAsaXtYBBFcjJmpixmcYDZvpc5UQQCASSSCSQSSCSY8SjNZZXmtX7DwtUXLo3XQWt+hYLOVKbQWoNe5XmtEbT5qL107bfuo+rfS+F68XyNJgOX5PE8nzudYnrPfj27Fw/YXPrzBb+eLz7ufkXleuEvvTuPSXpfUfVQANfd2qxHv0dx6tntfH33sfIIrC5OarLeSbZXfaiCCAQCSSQSSCSRE1MCzF7KBMcvHMpz1gmk6zIqToGW18sXlzefHPlx+nPonSfYq7jkAawz/E61zvEAbd1v0TPMT1I0Vtvl2N9+jAyrG9FtDB9jn/RvABqHJ85qrZ/PMl6drj3dq8rwvW9BYHuIpEUijrE0uy38gEEEAgEkkgkkEkiJqYFlL4SWMvhpJMZrPY1rXUEo562vzLC8nzovXVtN2av6bc+vMGt83x+rth4IDO8T1m3tb9BGjdr8xxnI0UOIlej9N9Zynq2oEHKW4+U711/uKVxvXDM5u3Hyrp/RfZrxeaIpEVBAIBBBAIBJJIJJBJIiamBZC+klKUwOdbLcdARlyjFu7Uc4bj5TDiK3hl9FaX7D9LoDcfJ7L26oDP8AD9ftrXe+xnv02Od2o1fsPBkGX4+/6J1P0+VAg5S3HyncOF6zKOjc4/26zRW0+ddJ6P7NkDn6RFIioIBAIIIBAJJJBJIJJBJMCyl5PsksJfgD4T7UDTGw8Jq3O8WBu/VfUcj6Nxzvuvj9LyxgLz1bToDT/WdQbL59h+T5y/dO2yXo3dh7tTu7Xe8vnXniASajyfO6u2Xz+l543w45xge26AwPb0p5CsfkwitxLAIBBBAIBJJIJBJJIJJERVli+kliL0fZ5nNO0+cdB6z6Dd53DzcdCbT5xi/dqbb2a/PsP12Y4vpNIbb5aAC5pi+nwzK8zsDC9ftPA9z7TsuTjWzmBqXL8vVTt2hi+jg1j26uxZGkvvTstk9G99CARWIxrazeqwCCAQQCASSSCQSSSCYVMTVgjICSCwFwPslKBb2AebjqfN8hgOV5y2duu3Nq/pWjdt8rAAA3jqfqd14ZuV9WdUKBBjSZAeywWAyAgEEAiohUEAggEEEAEg+gSCQfQJhUwKI8y6FIWMvpVAtxBcgCDE+7Tah2Hh/fjl4336W3c8AACs45O1tf7fZeJ6msncAMdMgPoGPJcVuBAIIFQQCCCAQCCCACQSSSCQSSeEaFs1wXE3pF/W8FWexjpkQBaj0LiACCy88HDcnQ2Dt1lDyx/Rzu3Xm5R0bjMejd+87AAMeL0e4KIpi5FGexUnzSIpEUIIIBAIIIAJBJJIJBJJopMAM/KE18dKS3kvgPEs5fgC2HkXgAAEFnKwrQAAeRYS/HqDzLGZACCnKYqj1IpEUPkEAgHyCACQSSCQSSScoJviW1JfzTVZ7GercirBRlEXkApjSmb47Y+Pv8t6tkBajmizDk9V3ZG7FAgsp8l9APgxwyYAgEVSR4lcBUEAggEEAgAEkkgkEgk5tTJIvRXmjK6BjPFxkyU+gURQF8AMX5Y2Qce+ocgOcrKQ2dHiaLrpGXJy2kF5PYA8Cyl0PY9wQD5pEVQwqtIIIBAIIBAAJBJJIJBJj6cwFnQbRXohfuPkxkygkFOWYvhSlafQAORrx3/LZy+rrOy5xt1biAAW0pi9goj2PYEVECKR51RHqVJAIBBBAABIJJBIJJJKYxCS5VlEokktxZzKSQfBZCuLgAAc42Ywbli4nNlnT0uaKAKcsZUp6JdnKQUJ7HsfFU0VVIihB4GoszyObdG8yzq2UEEAgAAEg+gSCQSSCQTCqSPU9jGi3pz/WPpmq9Gy3YAAtJzNZiKepumXd6wWXlj1HHIpj2NX5XmdW7Hwfxy6MsxPU9Aa331c5CiNTWaYSgMqXoWMptggFj54tx499TOYggEAAAkEkgkEkkgRNSUUexUg8zjqzyNuxaShrpaUAAQYyl4WvBa71aF2PguhNb9CqjD+eFz1uvkuzMD2VLeipc/jhl7sw/XDWiaYqoPkuxiB1stUQCAQD5BAAABIJJBIJB5ppjM8lgOX5av4ZW28D3OedO09yamLAch3jmS5UVJq87HlAAAoSuABQlcDVuT5/UGz+c7Cw/V13DIwzK8769Wy6O1v0ODmiy3FeUheTWp0gbAUQCAQQCAAAASCSQSCTUuV5vEMvyV16831nPFe7WdDar6hd+PYJryjlizeEc+2eZfV6RluwAAKErgAUhUAwHniaH3XyLPMT0tHyx7R3a7OcD2e5cX1MRzXZTngWE2NGpq6RM/UQCAfIIAAAAJBJIJBJzzsfn2ScMnXGb5G/dWzrOGTsTB9pn3VtpgTWDSc7VZky9ek5biWs8j3KwryShK4HmWw8yiLgXc1XkaDUOx8J4cujNcP1O+cH29TKNdWc+F5BBbjrVaggEAggEAAAAAkEkgkGmczyVt79HbueLknRtsIyNH0BqfqWQTvEwBBTlUSAUJXlIUBBSlYQehcz7KErQDzPM+D7PYihqaTSlW1MvXoEyNYBAIIBAAAAAAJB9AElE46E2PgcVy/L+nDJ27rvf7Ux/QImhMATSJBSnsegJLUalS8G019CAUJWkkAgGve/S5Jwzr7wzERUHkegIAIBBAIAAAAABIJJAJBbEq1qiQCYUJgCaRQleAfByZZsGLNV1N8ygaKTyrfKwIEVgPfo79159/wCvNUIIBABAIIBAAAAAAAJBJIJAJBJIBMKAmBjJpKzpOWaRazlWzeEXxdB2dXShWPR8JkahUARFAQQCACAQQCAAAAAAAASCSQSASCQSBEigLTGtU3CoA5YsuZaTYcbnUABUARAoCCAQAQCCACAAAAAAAACQSSCQCQCSQATCgBIgUxruy4y54BUAARAoCAQCACACCAQAAAAAAAACQSAAQCAQQAQQRAggigIAJIBMASKkkkEkgkkkgkkgAgAAAAAAAAAAg+D5Pk+D5IPk+SD5Pkggg+SCCCIEEAEkipJJPok+iST6Pok+j6JPo+j7JPskAAAAAAAAAAAAAEAEAEAEAAEAAAEkEgkAEgAkkAkEAAAAAAAAAAAAAAAAAAAAAAAAAAAAAAAAAAAAAAAAAAAAAAAAAAAAAAAAAAAAAAAAAAAAAAAAAAAAAAAAAAAAAAAAAAAAAAAAAAAAAAAAAAAAAAAAH//EADQQAAEEAgAFAwIGAgEFAQEAAAQBAgMFAAYQERITIBQVQAchFiIjJDAxM1AlFzU2YHAmMv/aAAgBAQABBQL/AO5zTMHjJ36vhfV7aBaSf+h7zbvIP1DXB7p19WNprLTrZ1rV/wC7IIjFht99mlfFLe2KQ7HcVM2v7XBdcdnicLsVQXHTlXis5/TqBzRf93vN04o2gDiIJNvDTpawt99HHI+CXX7T3iszZ9abeROrbeokrtVsrecAGKtE/wB0v9FSrOTrk8aEQEl0YEfIe1/vPpzMvRwL/wAP8nW3q/1eylzBVWr2hb7XjaCqFY5Jr5NjFuAkoAufTsRWB8DP8P8AHazSD1vqpe/VTSEVvG82OKpwu/PNchU7Vr9qOCWstILWD5bnIxtnukcKzbRZzLFstnEtdu3NYZmER4+NsrGVw9Y7ju+uuKTKDcQpxNu2GK8nqaqe4LACjrg+B/V6bpPTOuwTPVlMz3WNuQHDk+M5MQzW3tc90sydlmo1jZv643dj7VXySOlkythaRYW+pkhZVWT6o1j0lZ8raL5x01dWEWkzKIakLjGGfDt9LCAuv3j6khrkc3gP+k7jb6WFZvk+nZrXB/T5UIr6wargz+suNz7b57s8nBdksRXUezRWy8Jwhyc9s7Wd44fILKAh+1bV7RhJcxkuVd0VUzUlzDdh8d7mXK4B9kStWLEFT/8Adq/ZW2FhJ9pNWmWaj+TsZygVOaKVE1t/Ux2wlTfg1lfuFn60rNONUqr4EMVzY3pIzwJ/Lx3S1cPBmva17sy51iEdidY8tHZe6VvhZtgQKpHS5uybFsBEhA8YNO6C5stSNWt2DjvcC8qs+MKCk9NclSCwPyI5A7py9TtYgWCk+TvK/sM02sUiQ+kOmtBdWm922XXo6duaG5e9xb+hP4TR92KB/dhX7ZtkvdvM1NzWUc8Ioqzrzm0N6rB4bE1XUWpf+Qmfcwj/ALNp/wD5HXtV+xcbevbaATwvGmENnBlK2KwMjylqn2xrWoxvydxGWenzRZJWuBOf+KDjnfifepJHOzRRugXjNH3Y4JO7HwIPgEz1ZU+DhkPclOLm5VyCHa4QPBZ+mfHNshzQK7NKDWCr8JI0ljnjn1a8bvpjUXe1SP8AHhHXpYrZrjjLKqutNbGsojNWsBHNqTXLX6cWQ4CvhrYPlSxNnitK59SazeJomQbTXZPtNdj93mkYIJJYFABsAE8JP0JiLGOB/pyy8GCgE4O/IXltWR2wdhXT1k8dgVCxzletDr8tvLHG2KPx2KlGtwz9PswFbUmvdUaIUU9lYNGE2aSrdksqq6KJIm/6C0qoLYez10ytdwrqQuzdV0DKeKKVJW8SCIxY3NItGy3tdrsa/Ucfqrd1rrByLzwv7R8CBYi45dMrpFG1OtGc1qNTjPPGNHPvFVA4TcqotzXIVN4Oaj2yd2nyKNsTP9HNWCELFUhQLwliXqilSVuFnIOo4C9zctjdVRO1q0ev4Yss/DFlmrXZFUbtdvyA1M4+Qv0pb89t557RDntMaZ7fI3HtOgb+LLD1c9+JADc3hN0Rw1rZ5aaaORssfg5qPbEq1U3nuB83rdQJnJrvnnvQOGHdZSZwwmiJmwFKZd7Qv/OWNWgVZzzZF5WoPbPqxQYAk8vw1X+p+oxP6usw1sNCwKoU70Vdm6gDhFaGa4ql8S2wuGN3meFk15YEOHv7EV1HviSvRUckk7Y17T5smCgIZHG2Fnz7Z3fiA0popnC7gUa5lEDKv014EivvNWgEP2J7JbSpgUWs/g+osSts9Vr1s9ZbVSPsvZJc39nbn+nUStrfHe710xFIFEcZ6ilz1FLl2EyvstIupZ8jibEnz7TYAqfP+owfWNtgJ0IIijt471r7p+Gn3EDaPYi1MutO199mb/Dt1ItxWQHFAZ77Y577Y431dyZT1zaqu8Hu6GEzqSRrKczfQE56AnNp/wC90pCi23z9luPZawYUu8NTSDFrSwi6UrVrr3qt8LfRQ7B7vpyb1V308hhfDCweLDLkMHCN5GZkm9Ern41sVxu8HJkO+Lgu315KxTxzsy+04a4cRodrE4TQLGZ1JrYtGzxlZ3IpY1il0Sm9aYfcCUiA2gl5Fu1P7dZVUKz2Xxr7Zh6Np232Zrm25zXVm8nCOq7Ue3G8PqQ5eemRQsY40hSduZFOF9N3L6nztdiHrECJJ2COOoBFSMmOxfFqorHxDRQM2kQWJMhgknVoNnVMq92c3Bi4jIv4JZmxZuVRIHYAXx1XEu32y4m32yZYXZtqzQqZZisv9qHpMM3K0LdHslnG6o3+RroJ4yof57qzbUVpBEhc4+uHlV1ZVgmCW1JPUOoLiSlPje2VnHdah1nV0VutIf73TOGvrlbwzRah1fW+Kryw66aK4SdsrwbaIUO9vlOfX7Oiy8NskR9nlBZ+2k2tx65B4VInJsfw5LT27bQXxc9GN7kk+RQNiw4KGxGutLMrnuarHRxvldr+nS2MsA8YsOx2/s1ZLK+eQBWobKygKdfa7NSP0m8cEb/P9RiFSPNZs22NFAlxUVjx4iIs08hSNf8AC+1CA+x/6fWXXS6HADJ4/wBZZune+Wwa6OtPlgphhgiw9iqm108DXSTDx+kFP2JWPNfNKVViNNNgHiGZa64OU+CkMkk/Dshbx69kEcMvWnHbSifd9Y7hVZhJUIkcm5VrFF2auMdINDPkY8UOO/bW2fUYhVKyh1h5lNX7LKUUCJ+r+YacaXvjfzfUaBVZlLcTUpkAAGzV23a3HUQ5qPIOhZI2VONb+vJ5kS8+JJIc6kMfdE347SKtF6VO2X1lZW381ZDJLLbHVdRDVxVh0ZxUsI1vB/XFF6Vjf1t4ThwFYjUal1bMpwzj57GevqCrRXhTxrruySV0iLzS4TkG4qJufUJivICFU0uqrmVQG20Y5sTtuIdcvc4woaLsj/zXlWlvWzwPFmwQ2cCawti7V9FUSXNhHG2GN40ci9h7c65mZfbW8KbXDYzarymk6GcLCOSUKRHNkhr1qKm0PmMn4U47JjLcf0FjWbLM59LS/dE5J4Qv6H+G5GKRb0NMyxwYd5EM6rLEaK4ErVS5zalwaStpURtfsVQl1WTRPHl/GR3tLnK5c0micYZ8C/1ce8adqdmC5tWY51ZpB5rqmoHphvDYNfjsbCrrY6oTyhMkNt+JNHGVccs2WF8dpwr7FQ8QVbNWxtYnnA7qZx2VisvdberrUk8YLLd0ZFLJK+Z+isVK3Af0y8vtWGu0M0q0FczV7WRaj6fu64YGDRfIVUbiSMnuPKzK9EBrfL2rwtiTAm7Gsk8fClqfdpO8zXK0S/ce2Alk8JE9lPIDMpA3gM7k/ju9WrlrDPbzr6997VNq5VEUT55akBKyvxPyXHEgmIWN+4VMbg7sGwX4+w7V6F8s5NlNNUlgsqNsKAeKTGZB4brP26rUTOcfG52Z/cltjJ4+fHV5p4yy6N1pJaANoSWW0rAa/YWWJfixeT+L2JIy30p6PkpzoXCa3Yluo9biqOM/2tOGybDHRDH2JFlMPrdkXCYCRWT6vuEkUv8AJLNGOwcqEtnnfWHtlWq81ooX9I4iNIexWLpFksZXhsfTJDXz+lNnnbAO3cVy8v5YmqvNeKJ1Lr9W+tFySNsrI68eOD0ola/B7mHEXmnFP68mTxyO4G/Y3hf2K2lrms3QSU27HwWFvmnWS2NL/H9RXTd3RnEJcfuM/cZ+4z9xn7jP3GFkECi7s6b2/NUenaJekY999i9e6ku0llZLxuXNDlll706ztvaU2oSsbZQ9KeFB0e7eBUCEj1pHqBLKcYQfV7Tu4YZGDBV2TLSA+1HrcHk7o/jdNmdV0EZPu/7jP3GTjkTS/uMJ9T6bNU1RssFtZE6qYFQus6q+qfZbH6c8/T/xkiwmRB141e3ytU6qzYQlsqTKg+Ud1kfNCNNM8ibSgFnsCP8ALx3mSSOPIZnjyW5cVnVAa02CGw1NkjLGhJro+FSSwOwRepPAqGYR9zKS83XJ+xbbGU6ez14v0lhtCQk18DO3B5V7U73jfVzqu1p949qrtjvvfygPqB6IK9tverDTa5a+l+HO3rhrH9yu2LVH9xkkosr7MuRtTQlWz68CKsEud1BEeJ9Qw5ZIJ4yYs3Yfu1XAGw9O1v8A/OTQsIik1YF7r2k9qXK7aHhjP2+ZZa45LEXgcbGAPPKs8yOVqqvNa6FWShCLNc+NluQoT13svnT7jDHkUrJ4/DZddZejHV5FdNn95q+nyTyfFqPsFhFeMXns4Qtqick3y2eDX11CdaJf6XOLLodpINYZZi+tAc1WrjV6XBEtLG47k93Vx1Q9JheF+e80/jTStli1lkTIvDcbxzXwwSEPTVbNWEiTBv1i7dWF+JIkJjH6ZUvcFQgV6/GC/TN4Wv6bM+pAzlTR7H0R97sw51HpA7p9h4bXXeitOFVZvrCRLIY3juTk7fHUGOU/gUA8u7VOS8dcFkGq/AydSi9crmAVHuc2Fgst6nllLOpNT82X9G24FQISNWzqQFYgRWYlnpVgFIJqdoXJruvxUI3DYqr3SvVOleARKiFNcj25cue6z46gUkZWbAfLXhV8yia9x1mp9zP5cvE2BRTNSt/WC+1pyudggrQsp3ejq2SslT5luioI1yPbwG/bWPHrRF47dRdp/HWzPV1s8vYiKnUknjTkoJY5tNh3y/UyLBWa+RZMt9fjHDsqR0VhUVjKoPx3Gic9wxkomda8NYo3WRWPGjkXsPbnXOzLvYY6cKl3t5h3yFTqSocrIOFq1WMY5Htx8jY23Us77WpWZa3g9jZGbFrrqyRAnOAzUje0VshEo9b4zbWW+NV5rQ6/GbDFE2CNE55EM1ruO8kERro5BEsPC91kWeZdDJ5g6PBC6OJkLPDZqT3wCi0guGw+TP8AtLPgqc8rl9LIpCyYwZOqcSElAZXRP4vjbK2012evUiEciMMlwhNvGljS+euLypx7CIsqOJI/BV5IyFlvLFCyBnAD92R/ojhUMFrilLFyQhrFsApZ2DTsIg4GCepYGX6hvha60LaZY6wbX5U7B6GE5Bu94jBzGPrtUIljGEiDi8JnLZzNTpThZvfOsMrY/nzzsGhut7IIfIcUQ4K/sAHa3t8dwpEiVdh+qRkcTYm4v/GF8SxFkcIYhSeJlMGfhOjDPyTRCUxdJsMZpBy5DobsE1CvHyKCOBvjLO+wfDCwePgWU0SAAZ0LXsbI3tyQZFO2X5v1At3OmD1yxPiKrbkF5+u2NiESIVUFUz4r6lrCHuThLE2eMSZwsvEsJJ1gOXueX9ZLcgwugNgK85ZWQs5y2uRRMhj4SSNiYKxx0/GSFkudUsGRyNlb8raHq+/0mXu66cYcy81ackiv32buX/05eq1liO/mMSwuDgUKwuIQpyScZx4yY9gtTQTtYsJbKs42VjDVCXW0GXD8ilfA/V90dLJ4S2beuOvdK/i5yMbF/wAw/wApB0c7vuhxF5p8jegFFudL2EKurpzNbIOq7qgpx741tjb6XXqBR5OntJCL1JwKEYXHAW+CTjPUi3D4B4xYuO/WbibTVdV96xsmuVznVFFsSW9XLTHalZraU05cIqe4yT56CUrIoWQM4zTMgjbE+zdLEqOilSVvmo/QrSPzfHvKeK7Bs6kmpn4avqMh0qJyTFTmjFWmk4zQMIj6pq3IpWTMIXrVE6U8Nk5+/aXLHJrxlirC6Ev1Ev1GlY6w0EP1QMFeMMviSawdYg3yycJYlR0UqSt83NR7e0+DI52yL8aceIqOXS6mVwetVoDvAl3cxjn0mIvNOHW1cnD7ChterPHfaxRbSi2AiimH+oNdIyDcAj4yipTSNRrFrKXwmIjHY8uclyODqmw24M7uMsSo6KVJW45yMRpcD18ZImypsd2aEdrVjLZV3ypZl6oYkiaqI5O3LULdbWLVh2Oxn2b0le1azaTwsrLKG1E8bOththLrWDKaTIo3yv1fS3slxV5ZBchEzz2MEDu6YTkNfHE/ZNpV73OV7sqNjKqnhGRHjcJYla7YN67KlHkHPys2Y+qdRbBBeweFhTCWajDRBw/JllXqiiSFvCSRIo7M1bA8Ef1ZqxazRZeXsd1R6PauCtvJU54fTASNHAHE42kDyq+uojJLKAaIZubVYKBURMSSQruwFOkNa28Ar6xmjnrGXw3e6dWgUNH73ItbUtX2+oyv1kO1fXHy1B4pDCxvkySthjt9xnIfITNM4S4NBdTbR7qkMSQt43/P2RE5rV0x0FhrerD3K7VQjUdPU8/dPMz/ABeE35Z+G+8/SDJ1EWcPXajdisE2RVddatz9+4b5Ost9SSOirIe3teB6oUr6m39RdTf5tGnWag+Tu9kqLS1LDEfs0YuQ2gNyp4c1KfVHe41/GaJJ4hv/AM3sc+61UY4V2ZXTWNuXbO1IGUi0HtB53+Rn+LwKb1wMcj2Pe2Nuwq25rufJSnQmTqOx2XJLC7PR65XT8N8HWK91oVTgy7BgMA1gaLNRwjWlrN/m0eBYaD5O1Kq3tLWe6V5cHpSteqm252xxPiTSlX2bw2XWY72KwpzKuTKjVzrZ9RUw0wc40RTPbHQ40k6KT3aNuRWA0/Ez/FwdI1iOthGr7g+TBYzZY2VUHVy+2w6mpMk48gr0/MtTrBBsw48YkHDdKV1pXhWJNbJ+KrXPxVa4u02qpVVstucPA0WD5O7AqwrV7r28rZu2txp5IwEVkfJZFUIK11V4qiORBIEXwE/M3JRIJ89nDz2mJMKrUSL2xue0QY2pDarWNYmJ+Qzi+NsiMgijWePuMhk70fHYtJac8yqMAcjHOWs1OwsnUlEPRj/KMEjPGt9dKq3/AN5HG6Z+uas6CT+Ml6sgjYkcfGwsx6uA76hsfld9QRCXxyNlZxJ/IvldbE2lMp7ZluJx5c8SJjV+dLVhzuhFhGT+Sf8APLxc5GNvraW8sq36ftfFsOlSVUGg3T2kcfqBaERlaDaEvP8AG+1j3YikqW04f+w2O2Wlq63dDmWKffjaI5a2ikjiuN0CLNc1hIWv6mirsPG3ohLuOooBKRv+3ta2K3Crvp80Yziv3TZ6GSmOrN5Or4braTLtuiUD4V/9CIHiLiI+n9dK+v0utAf/ALDnnVnUmdaZ3EzuJndTO6md5M72d7O/nfz1Geoz1Geoz1Geoz1Oepz1Oepz1Geoz1Geoz1Geozv5387+d/O9ndzu53c7mdaZ1pnVnPOfy/vn3z7598++ffPvn3zkuclzkuclzkuclzkuclzk7OTs5LnS7Ol2dLs6XZ0uzpdnSudK50rnSudK50rnSudK50rnSudK50rnSudK5yXOlc5LnJc5Zy+dyzlnLOlM6UzpTOhM6EzoTOhM6EztpnbTO2mdtM7aZ20ztpnbbnbTO2mdtM6EzoTOhM6EzoTOlM6UzpTOWcs5f8A2f8A/8QAQREAAQMDAgIHBQYEBAYDAAAAAQIDBAAFERIhEzEGEBQgIkFRMDJQYXEzQIGRobEjQtHwFRZTcCQ0UmCQ4WKiwf/aAAgBAwEBPwH/AMIs95bEZbjfMVZZ8l98tuHUPv0ya1CTqc/KpF+kuH+F4RQus0HPENRekCwcSBkeopp1D6Ats5H32ZeI8Q6feVTnSGQr3EgUjpBKHvAGol7YkHSvwnuIaba+zTj7686lhtTquQqVJXKdLq+qG2l2QhC+RNTbK8xqcb3T+tWieYrwQr3VffL1dC1/wzJ38zUWG9NVpbFItrFvdSZqsg/3vSW2ynCQMVfIDcfDzQxmrNdChQjvHby9tPvDUQ6E+JVLv0xR2IH4Uz0gkoP8QBQqHPZmpy3z9Pb9IHCmIE+pqJFVLd4aa7FHQyS23n/5KOPyq3/8239ajXVMmQqMpOOdObOKx61EXxY6FnzA+9SXuzsqdPkKWsuKKlczXR15vSpr+arjCRNa0qOMedRLjFiMBlbmSmr7L4ziW0nw865VbZHaoqHDz9pdphhseH3jyonO5q12ntqeK4cJqdZ220lUZWSOYph52G8Fp2Iph5L7aXU8j7a/tlcTUPI1BlNxkOBXNWP/AHUAsznFv88bAegpTTat1DlSZIjzS/zwTSjrWT61Gb4TCEHyA+9Xo4gr/D9+qwxeIVP5xjapNvlOSTHbcJHPc0zZnO1Bh7lz2q7WxEJKVtnY9XR4nsyh8/adI1HjIT8uqykCC2D8/wBzTiGWuI/yONzTxys+LPzqwqKoYB8ifbOtpeQW1cjUyIuG6W1UxJdjK1NKxT12lvp0KVt1WaAZDoeWPCn9/vdxZ48RaB1dHVLGtJG1MPq/xFxCxjI2/Cn31f4i2hAzgb/jXSJSzoTjbnnqsjJahjPnv7TpEwSlD48tqtDrTUn+NyNcNSVam8Yq7SExo6mycrX1Wtgx4iEnnz9vJitS0aHRUjo88k/wFZFCyTT/AC/rUXo9g6pKvwFIQltISgYH3y6wTEf1pHgP94odIlpGA0KbvMLZaydVOXmHutBOr6UrpCtQ0loVAhqnP6R7vnSUhI0j2jrSXkFtfI1PtjsNWcZT60mXIQNKVnH1olSzvuatVnUpQfkDb0+IOtIfQW3BkVMsLrZ1R/EP1pbTjZwtOKS2tZwkZqJY5D5y74R+tRozcVHDaHtudLtsRw5U2Kahx2N20AfE8ZoAD2t1edYilbPOrFLkPqUlw5Hf/wAck9pxjw55fdL9JkMlCWzgVaXnn4oU9z+AKUEJKleVRr41Jf4OnGeXsCM7UhCWxhAx3+wx+LxtA1fdFISsYUM0NtvgCkhYKT51GsjEZ7jA5xy/2Vfmx432i8U70hjp2bSTS+kbp9xAr/MEs8gKHSKSOaRSOkn/AFt/rTN7hvbFWPrSVpWMpOfjsy5MxAfM+gqIt25pUt0lKfQbUiDEY8WgfWkPIlkojAYHn/T1pFijJOpW9IabaTpQnAq+sRkDifznl1NMuPbNpzQiXCCjjJ8IqH0g/lkj8RTTqHk62zkfGnpiWM60n8s1HdS4XnkrO/LI2NRpzbLKUySEq/ptV1uxknhNHwfvUS+BTiGeHgHbr6QLCpQT6DqtE3sbh1DKTU+5dpGlGR+O35Uw0XnEtjzqTLFoUI0ZO/mT51CmCY0HMYz8YkB3KVtnlzHrS5KSkhSFAH5VDlONwnNsaOW1MsxZDKHZABUv1q8wExFhbfummUqW4lKeZNNJ4DQSpWcedSrtpOiKjX+1S1OreKn/AHjUCOmVIS2vlTbSGU6UDFTrOxIUVpOlRpq1y1LGgfj9K/whUg5mL1beW1NRUNoQn/p7t8kyWpASkkJqAt1yMhT3vdROOdLuMRs4U4Kaksv/AGawfiDzsZ3MZxQ38qfSu5OoTFRhKNs1dWUvRFJKt070CUnIqVeu0ROEBhR51Cu7sJvhJTkUtx24yBrO6tqg29qCjw8/WocpEl1x9Zxp2/D1pbbM5AJ3Fcu+UhXPqfeRHbLjnIVOub0xXPCfSosB+ZnhCuBIaJ8J8NWm8KcUGJHPyPwO43YQVhsJyaiSUy2Q8nz9lKStbKktnBpYUlZCudNRDbofET743+X5VPmOyXPHt8uu2Mode1OjKBzq4s9jlamhgcxUG9OrKuOM+mBVtt25kyR4j5ez6RSDlDA+tWy3plZddOEJptsrSEteBA/M0540KjvbFQxn1p9pUV4tnmKgv9ojIdPn8CnWtmcoLXsRTDCIzYab5Dvx3lvynCPcTt+Pcftjb8wOqT4cb/M9V7bWiWVKGx64M0xst42VjNcHthSp9GAnl50EhPIe06QJIlA/KrQtRkoaPu55U7IaY+1UB9amFLkRahvtS1qcVqWcmrMkpgoz/e/wmU9wGVOnyFWfBhpV657s56THGtrf8PKr1rcQ27r1D5cs9dst4nqUCrGK4qLRFCXFavSo117WCWhuPL1FNupcQFinXZ7inUhvIz6/3zqO4XWgop0/I+xvcIymdaPeTUN/sr6XcZxVyuXb9PhxihesRezaPLFRIq5joaRTbYaQEJ5D4Bcbm3BGOavSl3KbLXpCjv5ClpuUQcQkj8ag3450SvzoHO47t+cKYugfzGuj0nKFME8uXcuV7WlRZjbY86cuMp1OhbhxWfLrsTjyXShtOQedSLZ25WuSrlyAqdETaXEOM7/WkXFxEfhFOd85qJd0THkt6MH2c6yNyTxGjpV+lLsc1J2Tn8aYsElZ/i+EVEhNQkaWx8AfdDDSnVeVPPLfcLi+Zq1tqw4sDfGx/HyptkBYCOXI7HcY5mlpKDgirBLLrZYV/L+3dn4Wgtp9/BxUJ7s8hDnzpxxLSC4eQpPSPnqbq63ZxoISxtqGaJJOT3ACo4FWmEqEzhfM9SkpWNKhtSIrKG+EE+GuBGhkLQ2B5Z6mrg19m8rCxtXP4Xes9hXj+9+qzKHCb+iv3pwhKCTV1+2SPRIro/ntZ+ndlKTHJlL/AJRTjvEdLmOZripukFSGTvipNuTBSgvq3J3A9KntY0uIVqRyH9O7Z9Jmo1d15sOtqQfOojvFaHqNj9RUx1iO2XHh/wC6sk7i5j49SPp6VIkNxmy44dqhTETm+IipU9iHjinnSFa0hXr3n9ZaVw/extVpalpmZwfn8AlMdpYU160tCm1FKuYq3ynGjwwnUPlz+oqVJcabCtKlbZ35D64p1xTyytfM10eilKVSFeew7vSFxxDadJ2Ox6mnlsqC0HFT32psND5T4ycVEs6WUeI5J/EVLsLa0js+xH61MtMiGjiK3HXbn0R5SHF8qByMjuvIdYJXFTkq/L61c3JCnymQdxVld4cxOfPar0+p2WpGdhVmkcCTknbBq+JaejJcHPy/GkDSkD4Rc7QJf8VrZX70tqTCXuCk12qW74NZOfrUGyOvELf8Kf1pCEtpCE8h3b+3riavQ9cOYWRwlp1JJ/vFDl1ONpdSULGQaXY4SznGKulrEHC0HIPVDvqo7XDdTqxypXSJwrGlG1RJKZjQeSMdcmSiK2XHDTzhecU4rzoEpORRJJyagtlC0PL9xR00wwVTksDcA96Vco0PZxW/pR6Rt5+zNRrzFkHTnSfn8C50EpTyHflM8dlTXqKUkpOD1JVpOoVHeS+0lxPc6RqV/DR5dywyg6zwDzT13eWqTIIPJO3cta0uIciOclcvrVrDaGuHo0qHPu3i4mIjht+8f0pKHJC8JGSaFlmkZ0frT0d2OdLqcVZLkrV2Z0/T+nwq9xeBJ1jkrfrt85cF3WOXmKYmMSfslZ6+kZHDQnzz3OjqVGQpXljrkQ1Sbg40160oaTjrGfKra0tqMninJPduzpdmLz5bVa4qY0UKHMjNdqc/1P8A6H+tPx0zY2lzekKLSwocxSFakhXwm5w+2RykcxyogpOD1xXzHeS6PKgdQyOq5qWZaws537nR18JdUyfPqu0pyJH1tc6iOqj21ySo+JWe5Z4Xan9SvdT3rs0Wpi8+e9WWbx2uzq5prso/1VfnU+5tRGuE2rUum0FxYQPOkJ0pCfhV8t2k9qaH1/r3LPJ7TFGeadqcXw0lVSXi+8p0+fctj4jykLPLqv0ziPcBJ2H712hwtcHPh9Kg2h6YnichVwtDbbA7OjKqnWwtyUMsD3hUKImGyGk968W7tiNbfvD9abfei6ko2J2rWr16rLbVBXaXh9P6/B7ouWJp5/KmdfDTxOeN+sgKGDV1tRinitDwftQiFUYyB5HHV0ek6HSwfOrw84zFKm+6Kcv8lSdKABRJUcmrTaG5DfHf5elIQltIQnkOrSM6vPuX159lpPCOAedWN595gl7ffbrlW6PM3cTv60ejjOdlmo1nixjqxk/P4apIUMGpVtdiEuQ90nmmn2o76FOs+Ejmk/8A5UZ4x3kup8quCBMhKI9M+ws5PYkaqbmNOuFpvfH5fn3iAdjQGPiky1sTNyMK9alWaTH3A1D5Vb7x2VHAeGU1LEfX/wAMTj595mO7IOGk5qLaHloSmWvwjyFNNIZTobGB8dfhR5H2iM070ejq+zURSujjo91Yr/L0r1FJ6OyTzUKb6N/6jlM2SG1zTq+tJQlAwkY/2BvNykRXQ0ztVvkKlRkur5n/ALFejMyPtU5pKQkYH+zuQfb3i5PxHA0zt51bpKpcdLq+fxBL7S1aEqBPcud3ET+E1uv9qelvyDlxWaS4tByk4qBfHGyESdx60lQUMj2r8VmT9snNJSlCQlIwPh7iSpBSmoFrltS0qWMAefXMf7Mwp30oZec8Z5+Zp7itucFgoAAHPFFcwb5bP0xVxjw4gWtY8SuQ9K6Pyi42phX8vwSffQyS3H3PrSrpNWc8Q0xe5bJ8R1D51BuDU5OUc/T71fM9iOPlTIy4kadXy9amN6pJyxq2FNcKI0ZCWCF/tV3JM1ea6O57Sr6f0+B3yYY7HDQd1ftVuhJkZefOG00u8IZ8EVoAU3Ni3A8KUjST5iil20S/p+optYcSFp5H7zKYEllTR86WhbKylWxFPluQviokacgetcEHZUsfrVxdQ/KW4jlVhiFlovK5q/b4H0iJ46PpVvidrjIbJ8G5Pzp9vguqb9DVqhpmvFC+QFXdCkBsLOSMj8jtVqJMJvPp96uVqRN8adl09bJbB8SPypEOQ4cJbP5VAsRB4kr8qxjYfA+kEUuNB9P8tWe4dmc4bp8NXjR2xSkHOasTjMdtx1xWKfdduMgAefL86ZbDLaWx5f8AYKgFDBqfY3EK1xtx6edKacQcKTimIUiQcNoq2WpMLxr3X+33+fdGoBCVDJNRZKJbQdb5fBMfAbha0TyFZwRUSKiG0Gkf+Iz/xAAyEQACAgECBAUEAQMEAwAAAAABAgADERIhBBAgMRMiMkFQFDBAUUIzYGEjcHGQUmKh/9oACAECAQE/Af8ApFrAZgDL61Vcj85ELnaLw6jvPBT9R+GH8YQQcH81KWeDhl94eGWPQy9ugknv+aBqOBFUIMDlYcKSJXeG2Mur1Ln3/Moqz5mjutY3htaweSZM4ewtsZfVnzD71dLPuYOHQRuHX2jo1ff7/DjLx30DM8RidzLfQY1WlQ8HaOMMR+Uo1HEAxOJBzmVuUOY9Tu2QJw6YGeVi6WI+5SmtuV12jYSu8n1xlDjEYaTg/e4c4eWIWIxLNVYCzJmnUmmdhGOWJ/Ko/qDlxD48sWxAuoiNeNOoSm02bHlxPr+5w3Y8r/6hgJOFi9pxGz/eBwcxHDjIjKG2MWlF35X2aRpH5dZ0uDy4nGxjL/pDEVf9Mkzhsb8rzl/ucM3dZcCV2mf3KV1tn2HK1tT5++rFDkReJH8p46R+Jz6YTnv+ZVZrXHvPph+4aH7CCh/efTf5lj+Gv3QSDkSu0P8A8zQv6naXXfxX5AEruInEA+qBge0JxH4hV7RmLHJ++LXHvC7N3P8AYNKhmw04hFXBHX9Ouj8Th1Vs5lwCvgfADeNw5Vc/ZJz369bYxn8Tt8D2jXsy4/2VVGbsIOGY94OFHuZ9Mk+mWHhf0Y1DiHb51Ki8YLUdt54jttmFSnqnjtCSe84dmO3IsB3muuw4Mfhv/GEFdj80qau0YYwMRqyW8sqp07nvHowM558OPLyuTWJXVp7xjpGYqeN5mliaDj5hcdjAv+Y6guP8xmdWIWUWaxgw7CE6jFpz6jiJgDyyxtK5hJO5ldzLtDck8bT6BC2ST08OqlZYAGOOYrc+0Ksvf5ABh5hFxUDqPeVHD5neLRpfMekOcwAVLtHsNhjqVAAgJQ/aVSxwJXUqR7FTvNSmXU48y/B1U+IMx10HB+0uAd4O20L+I+PaVoFG3O1sLtKzrTBj0AemWWfxX7fDL3aW2aNh3hODvuYNvMIp1rmWLpYj4Ku1q+0ZixyetgFUfvoW0qmOVBBTm6at5q0bA/d4b0S4eUmBS3aJs4gGNhLv6h+JUamxLvX01qrd5RgEjHO2zw5jxn2jVaO8IxtAKxjeMMH7NFmg4Mdda4lVXh5ngefVmO4QZMJyc/AV1GyCqtBB4T7Szh/dOrhx58ziV31dFVA7tBUg3x0cQARvFt8PZZW/jAhp4QLZj0lBn7dd5XYwcRXG4lfaPYXO/wAAo1HEUBRgS49hC228BzOITB1dNexz7RxqUiAZOJ9N/mVUg7t1XPrO3LtNbE5mpn2J5Gs9x8ZR/UHK/wBRg7yn0zifR0p5vKIBgYmDVZvFt8TOmVnuPfpu9B6QcHMcYMQMxwJfXjzRVLHAjoUODErZ+0O3UuM7y4po+ARtLZgOd5YgO8RQTiAYGBOJb+PTwwBPIqG7ysGtyvtHu1GJxBHqiXK+3O1dSkDqUhtmlQXTlZeMpKFwmZeupZRkNiHv8RVdo2MytgmhBviWXhdlhOdz08OcPzdM7jmDjcQXvKrfE2PJ+H1HIn0wx3jroOOaqXOBAMDHOw5yB3jNivV1JUz9p9Kf3Godfg89anSwPPvGXScdHDe56OIXB1c6U0r0WjBDiW5Jz0016zk9pkKN549f7gYN2l9X8x8VQ+pcc7KxYIyMvfnw3c9HEny81fTWCYOi0gtt00jCCWsWeaB+v/sVvDbadxO3xNT6Gz0Oupcc6saBjo4ldgeVSB2wY41Whei+zQuOqk5QS+vSdU1f4ldRc5PaE4Gfi+Ht/gei5dLQDMUaRjotXUhHLh0wNU0jOY9wTaV3Et5jK7cqWaO5c56qbNBwYVD95jlfb/AfD1BNEOM7dFN2rY95r82nlxK7apSAz79Q4deVtxU6RCc7nlno4cKTvOIChtuaWsnafVH9Rr3b45LQ+zxSynBjLqGJWdD/AGLvWcQoQMn5tLWSJerSynWdSxNWPN1MwXvHuXPkEJLbn51XZexg4lvefVD9T6lJ9SsPFfoRr3Mzn/YGipXGTLF0Ngf2KGK9v9raalcZMsXQ2B8hpI3PRVTr3PaKir2EIB7yzhwd1nb7qsV7Tv8AHjYyy5Cm3NF1NiekbQYIy2ZhP8ypnfAE4lMHV8JXw+d2nhIPaNQh7Sys19/yuH9cbtEPl9UOXOnVtKfQJxPp+DoTU2TLbCvlXvBQW3cw1tVuhm1yQjG35KNpbMBDDMXKjBWav/SVAqgBnEPk4HwfDdpY+hiYp1AGXOUXaUHOcS31n8qq41/8RbUb3hdR7yziPZPhOHbBxL69QyO8o9E4gFiAIoFSxjk5/sKviAdmmQY1ir3Mtu8TYdvz66jZGUocH+xa7TXHcucn/qM//8QAUBAAAgECAgUHBwgGCQIFBQAAAQIDABEEEhMhMUFRECAiMlJhcRQjQoGRodEFM0BTYnKxwSQwNENQ4RVjc4KSk6Ky8IPCBjVglPFEVHCA4v/aAAgBAQAGPwL/APObSSOERdrNWVFlm+0o1UI1cxSnYkmq/wD6EOCVrQw7RxapJMRJdY/3SnX408CTCULrBG0eNWlOaaE5CePD+ONLK4SNdZJpkwA0Uf1jDpGtJG2MlHFC1qyySyXG2PEC9aJhocT2OPhy4rOL3fOO8VisZDh5MRg8XlZPJ1vk4qeFfKGNmi0cmLyrBFKOmBqu3dsrFynquwA9X/z/ABzyKNvMw9bvapZsQM2Hw0Zlde13VmMzRp6McZsq0/ydjDpZMpaCZusrDdfhSujFHU3BG6op/T6rjv5A8ZCYpOqTsPcaIEeIhPGK9j7KzTq8SHrSzbajw8IsiD+OSyHa7FqnwsrZI8XEYc/A7qkgVUEyYnI2Zb7R/KvlH5WlssUDNHGO29rWHJjYtwKty/3l/EfrcuYZuF/4ZJJBqe4GYbqSJpXlje+YMb8zEQEWyORyYaXoXZYGc32lb39xrARPax0jtbexPJicQdkjZR6uX+8v4j9ZiZItcqxkrWm0jaW9899dYaSX5xowW8eZo1GlxPY4eNdPEMo7MfRFXE0gPEOaAd/KY+zJt9taSE/eQ7V+mFmNgN5opg00x+sbq/zr9pydyKKv5UW7mANBcbFl/rI/hSyRsHQ7GHIVdQynaDWmw8Ij7duHM8vw65pFFpFG8ceRIsQ4w0kSAdM6m8KiEKkRw36TelSwQj7zblFRYeLqILcpy2DZltfxr5zDt/cI/OvmsO3/AFCPyrpYEn+ykB/G1edinh+9Gbe6vNTJJ3K3NzSypEOLG1WGNgJ++KulnLal76Epw4Z9us6r+HMkm2vsQd9M7sWdjck7+TDxOLozgEVJLEBJANeraBSTL1djrxFK6m6sLg/S2w0LWwyGxt6ZrRwLfiTsFQn5TkDo+wKNV++gEijMZGqw1VHiIBkVzYp31ZjfDOemvDvoEG4O/lMJ3a08OYZEvhpjvTYfVXQxELDibilXF4nURe0QrRYaMRr7zytFgQHI2yts9VdPFy+o2/CtWJaQdmXpVonGhxPZ3N4cvnYUk+8tfo+Jmg7r519hrzkKYle1Ccrew/GsgbJL9XIMreyvJ8NZsURrPYoyTyNK53seRXhfUPQbZQmj1NsdOyeZhIt3SalhTVvLHYBxp2iwumWx/SJ5Mmb7orCf2q/jUuCkiyHpBTfbTeNYe/o3X2H6VM6mzt0F9fJPhzqmJzDvFZWfRumtXO6o8PLic8kdx0VJ31HEjBoFXMpXffk0bHpQnJ6t3KGXrprHwoMNh5sUnZb8dXKmEjNml1ufs8hmlcpCDYZdpqRsHNpHj1vCdbWoHXHIpv3io5j1+q47+bLJPGsiRqW11DHOWtK/S11JGmCwoVWI1pf86hxIwMOllZlN75dVt1++ocJNg4EEtxnjupGrxrQZvNSsYj+XMwk27WlYtWBzSqFBHC+usRiiucRkJFG/oLbhQLxp0TmBtso4oDOFkY6t9E8awwO1hn9p+lYcf1v5HklxOkKZOgMvfT4KLEPMmXPeRtQHfS4TEHIuXPmTeKikidmRzazcmMG6y/nzMvoSax3HmunaFqR9hIrXU2u4UKo9nJhwTYszW79dYvFDoTZOm67RT9PS6+vxrFpuDA/89nNxwG3RGsH94/hU/wB8/jWC/tJP+2sH4n/aagA2+UD/AHcySA6ieqeBp4pFySIbEVpIJDG3dWjknOQ7QotfkWIDzY1yNwFBRqA1fSi42xMH/LkxEejOibpZ916xccqGPOuWO+/LWEjiQyZFKyW3XrDx6NtEozZ91+TETn02yj1f/PMK7DuPA1c6mGph38tpJAGOxBrY+qvMYXIO3Ocvu21IkuLZbNfLCoXbrrpxmY/1zF/xqOWNAkUi2sosLil8pVWiYZemNQoSQCIplyqp1BfCpoTIHxWJ223DkaVhYzNceHNZGF1YWNalBaI3TNsYVYYbDAdyUpT5Ow6zja+6g/keGzjY2XWKGLn6C69HcamfmaOPr7z2a7E42S7z48aNodOvai1+6reRz3/szQOItho/a1CKBcq7zvP0to3F0YWIpoXF12q3aFBFwsSqNwvSSTNI0/3dS+FPJC0iz/d1N40VbCxMp3G9JDCvTc+yosPH1UFuaJPQbot+RrRKDNP9VHrP8q89L5NH9XDt9bfCvNRhSdp3n18intrl9n/DyNBJq3q3ZNaKdMp3Hc3hWRMTKi8A5q7Ek8TQZgUwo6z9ruFKiDKqiwA5x03RkXqOu2/CvmNOnai11lGEnJ/szQfGfo0XZ9I0MIIl0AFstBMQxkwx1LOdq9zfHk0cfX3ns1Yesnf/AAHRyjX6LjatEmMyxfWRjlGiiIT6x9S1mhOfEekzel3d1XHrB3cwvKwRaIa+Fwp3fvH+FNBIfOqerGLlu81qwclvvCghY4dzul2e3kD9ghvj7uXJNGsicGF6uqyR9yvWbQ6U/wBYb0ABYDcOYZJXWNB6TG1WErS/cSgvlGiJ+sFqzA3iTZ3nmlWFwdoNZQb4NjYO37n+VWXXvvx/gl5cNFIftIKvHhIUPcg5dJH1+Haq49YO7kEaLpcQ3VjH4ngKE+JbTYjd2U8KGFw5tiZBrbsCszYcknXrdfjX7P8A61+Nfs/+tfjQ+SvlHog9Qser3VkwkuYlrSNHrsPGmhjfSIVudKSQtdPGZP7GMD8b108ViW/6lvwr5yc/9dvjWqXED/rNXQxs6+OVvxFMwlhnAF7MhU+2tLpejf5q3R8KfEmQdBblPSvwtReZrJ6MY2LyrHIS+DJ6SdnvFK6HMrC4I5pDC4O0Glgc3wjm0Tn0D2T+X6hYkkIgC+idpptMS4VrKzfwCTF7NGt2HaFCJYEjznKrE9Xxo6y8ja3kba3Ji5D9YVHgNVYjwX/aK+T8SJCxxIJI4cl/6qP/AGCoC0alJIwSltVEQQpEDtyjn6fQDPe9r6vZWFw4A2FyaxONx2GE+WbJsud3xoYRvkoRzNHpAGUax7a/8gl/y1+NYU4eDycSR3KVo2NzC+T1c6QYi2ht0s3Cjh8IQ4Q2GJca2HhV3xkx8HtV0xkv95r/AI0sPygAhOyZdnroEG4O+svWfsrtrzpsv1a/nQSWFHUbAy7KCooRRsA/gBwSLnlmW1uyO0aSWSfSIhuFy25cWjaiJTQxkuMwUmFa2aNpdfVtUGHljE8UfzZ7qKQY3DwpYdDES2am0TrKuRFzIbg9EVhYm6yRqD7P1OHk9Fore+p4RlP6UGyvsNsuqo8UYYoskTR9Fy2a/qr9jwv+fJWAUgKRDawNYh9zS6vZzv6Pibzcfzlt54UyzZtEkbSELtNhX7Hiv84fCv2PFf5w+FSwRX0YsRm27K/o6SWwAvG2+3CuiPXx/gH6RL0/q11tX7NNl46qJw7F59iwHUxNM8hz4iTXI/5eHM/pDDrmZRaVRw48kS4nFxq6kqA7gG26sXJn0gzkKRstupcRItsLEb6/SPD9V5sefi6Sd/dTLDPLBr1hWIr9uxH+Ya/bsR/mGo48z4iduiMxvUOGXXkGs8Tv5rNwF6llbrOxY1OBrJw0ur+7X7PL/gNfs8v+A1P4L/tFYSUarSD+ANKPnm6MY76YRhp526RJozbMV/8Abar28b0glVoJuspFB3+fj6L/AB5pkgPksp7I6J9VasRCRx10Hxkxn+wmoUscahEXUFHJ57EKp7O015mGSXvOquhh418STWpYv8Na44T6jXncL/garM7Qn7YrNG6uvFTyGZD5PiT6QGpvGrIkcw4q/wAa88Y8OvebmvNDPMetK23nOvEWpkbUymxp8U+YRw6hlNulUcc7uM2zUWqQQO5C2zbUNCVMxin13Y3176wsY9KRfx+j5T53EHZGPzo+fMC9mLVVxjJ7/wBoaAxB8qi+11vbQmw7XG8b15uBX0ekfwrFYpJL4+ONtHDx1ba05mfTXvnvrrA4uaQj5QeJc0PdxrGr6OVf1DL89KPQTd41I88j4eIGwji1X9dZtCmrWWfXTx4OOPIvWlZfwG+gzFpDe5vsNZY41ReAFCXqztqVV2ePJaNGc/ZFeUKHhA2kNQTGpcfWJ8KEkLiRDvH6kXOs7ANpo4rR5IcQb+BoxYacxoTe1hWvFf6RWrFH/CKVMVMZVU3AtRx8g83HqTvPJo/nsT9WN3jRtPoF7MYtVxjZfWb0Ex6B0+tQax6qWWJg8baww+gS4g6yNSjiaeaVs8jm5Jp8bHFeJfafCi+Ixj4WTNbXESntpS+WWF+pNHrVqSZT5s6pF4ildTdWFweZniGaWA5gOI30MQIhLqIsaONbAR/0lf5rpZT38KE5iWGyhbCmnlGWTEa7cF3c9g0coUbGVb3rHTrPIdIbKrpqeo0xjrDIOjbbs1UYoSRhx/qqCDyYIhsmo8oUeigHI2ZWaNxry0Qmkju2sZ+iR4Uka7WNqGGwaDMADI7elSyZdE59E/lzrsbDia82NGnbYfgKuNbHax2mngnTPG1M+HU4rD8V6w8RVmBU8DWVFLtwAotirwRRmzJ6ZpIolCRqLACnmHzp6MY76aSRizsbkmoc8JxCZheIelWixGCn+SpG2OwsKVr6bDP1JVoYORvMTHVf0W+gYOHcSzciaHKs0KaMqdxtR+UNJFJgnfO8HG5rEYSMfomKwvlcKH923dyYUnat09h5qjCHQTOpd+zVs8FuOb+VLNi38pkGxbdEc+KSFjkjN2iHp0yvBOiMLZslYnVk0GqN2TbUM2KCPLMOs51k91K0WqJ93Co1U2YsADSK8mbINbtWTBxeUnew2U7zgiU7bio4mzZW7IoJGgUCmeN9BM2u240uRN56W7VWbHTiU5bXUWIrDLt0HVNd/MdHZljW2QbqimxOaR/RL8OTPNIsScWNWEjv91DWVcQFY7pBlrpxJJ95b15uNE+6LUp9HEplP3l2e6/s5MJB6IUv/wA9nIuPw0hjx6uTGd2qv6N+W4VkRzkuy2Kmsf8A+HsQ2kiyaTDsdoFcHRvfUUnbUN+vwc24Fl5BNFrGx03MKZcPi50hJv5Pm+bPhUeJwsrLH82Y2bX6uTDLIGUtd721azV0YMO7mYjFfWPlX7q6vj+oyjlbByyKWYa0vUS4OAxww9DNwpkaXzkIz+NAjaK0GUrKdTHcRRiVEdb310pkbzkhC10elIR0nrE4qRghj82oJ2LxpSenGGuCOZcVflGmiSS2zML1YahRlbpOdSJxNGWd87buA8KbQR5gu0nZUgaF+h1ujspYZ2L4U6tfofyq9aYdaBhL7NvuvWtxxtvrC4gKwQqUuwtUUAZUMjWzNsFRYZCWVBtO+vKlkSDFxC4ZjbN3Go/lHRR50j0eTcaJt05X2Diaij7Chf18uHOpjrU8DTxSrkkQ2IPIJcPI0TjetBsVMZSNndSQqOhtduApUUWVRYCrlBm7Q1GuhM3g/SrpRhxxQ/Gjh8PF0wOk0m6oii5NH5sjw5/fyzLCcshXo2pg184Ou9adWbyhRnIB1H1UdJmT7B3coMy5sOmt+6s0IyxmzxndUvlCtJcdARrvo4rFreV9eRhsrVze7mmK/QgGW3ftNSTTyiLDRdelTD3wOEXqWHSbvqbB4rLFNMuRZgOi/wDzhUkD2zIbaqRc6jRHR3IuaIld5AeJsPdUa2AZLxtbiDanh/eDpRnvpo5FKSKbEGvI83S2af0svCrkk+PIMbKvmIT0b+k30HP8ziRskG/xo3w5mXtRdKrDCzE/2ZoGZfJYuL7fZWhw627THa3Nw7K5jlluG1X1AbfwpYI9Y2kneefiiD+jRDRjvbmLK0docuZrek3JIzLZX1qeVo8oaOQjPxtUT4mFY44zmRb3JroqF8P1HhzMZftX91YaEm8Re5Tdel08yRX2ZjasRItnXRllai7sWY7zU53GXV7ByY2L7YceBHxvyZ/mcRukH510YhiF7UZqwwUnr1UJPlBwF+qj3+uljiUIi6go+k6zahZgdFDuPaP/APPPnn7C6qjbexJbxvzRJDaQX6uTUB31h5jOsyHV0NgPLIuk0eUX2XpUlkMxB6I2E0dEgEiN8yTrde7vpZBqDdrVWMQQF0z9W9rCkYxNB9ht3Ntx5iY5BcAZZPyNRYjLnyG9qhOi0WjvvvXkPk/7vR581LHGuZ2NgBUOHGsqNZ4nfyN/WQj3H+fMzzSLEvFjareVg+Ck1aDFRu3ZvY/SGw2Es046znYtWkeTESNsB1+6tK0LRgeku6gs7HEwcG6w8DSTRNnjYXB5qxjbI9qkwzNrHSUcxocL0QuoyVkfEOV4cxkijDq3WJ3VpMXLltqVIt1QSQ5n1Xu+41oCmbzmdZDuNRR6ApIfSB5w5hVgGU6iDTSYEgr9Sx2eBqzYOa/chP4VqwzRjtS9GtIx0uJPp8PDlwjcUdfwP5cvbxD9RPzoy4iUyN37BSSxYR3jbWDqoR4iMwy2zAGkwuOfPEdSynavj+tLyOsaD0mNhWaGVJV4ob/qJpl6/VTxNXOs1i3VWD6LoMB9oA2qMIrZdcT+ZZdItusa1gjxp8Gx6EgzL3HmmFf2jRsyavbUMnZYXp5T1VF6bNh/u2NQrh+gJIw+bfzbDbR0nzkmsjhyFXAZTuNaERLouyddJImHVLnLnA2cmixLrFiFbKy1cax+rKpIrMNoB5cB99h/pPLPNe63yp4cmGi8oTSRRXdeFqSTDyiVBEFuvG55Ezm8kR0ZP4frMIuvyex8M1Wh6hQ577K/d++v3fvr9376/d++v3fvr9376lmyxto1LWuaw+fLl0vo+B5MJr2pIvrzCpGY2AU1Eu9YIwfZWEydbNv8KjVwlm1dHmeWvrWOLKB3k08lgMxvapI4CBLltk4VB5Q/Tc9JE3CopEk00BFkY7u7m4fOLi/v5skZ9IWpdudOg4PEU8k6qbjYRramwpB1XZe4cKMspsB76MiDLY2Kmhpm1tsAFRvszKDzsSMPfS5dVqh0AOcN0vDfev3fvr9176ge8Y0TZt+vUR+dfu/fUttHfKePJD8oNMpzq1o2juBurR2w2J0sW3QBLeys08kH6RDqyYZRkJ76bC6TS2AOa1qxvDMv6zRzxrKnBhRXDwpCDtyjn4sf1TfhTBBd1AkXk0QiadCc2VOsDxFRMY8Vibpnyyjor96w100khzOxuTTYkjoQjUftGsOft/8AaeZh8rEI91YceQOjFWHCocSY8uIL5L0C7B5COkGW60vkpCMBrDelQkfKybyu7lhlkF1B10CNh5skmCizyTdYE2A76ZcUwaRdVl2CoeDdGpVzXRNQHCgxJEeU5qhmUgvcZO8Go14KBz8c3Gf/ALV508JFlvdPCosL5JpNH6We35VHLodDkXLbNeoIPIs2jQLfSbfdTYrR6K4Ay3vSZxaSY6Q/l9EkXipFYZuMa/hT4nBLmB1vCPyrol4ZRw1EUVbEysp2guaGRSkO+Vhq/nSwRCyrvO/vrRRXxMisL5Or7aCzQyQDtbRSyROJI21hl5Fk+rcHl0TxCeIm+Vt3hQ5GjkXMjbRV8rr3BqRkfPG/HdyaKSPTZeob2pcsSrHfWNpNCZVKA7jytLIfAcaeRusxvVwbEb6udZqGaT9nkbRMaiw4JdRLb1X5xjhHlMg7JsvtrVh4QOGumTFRmPO5fSLrGug8bB0bYw5otZMSnUf8jRixEZjccd/KmKxyZIRrWNtrfRsn1bsnsbk8/BHL99b1h8uFiCujDq79X8+RMPEcrz7SOzStBAzRk2z7qjOAiaeLJ0rbQab5PkJySXsp9FhyTw9tdVEHaOQHhUcikG4125mHS3QsTfv5hwx1NFrHeOVwdSRnKq8zEYOTWJFun3qEYh0U8a+cuuu/N8ggbLq86w/CgkSF2O5RWbyb1ZhWSaNo2+0KWJ2/RpDYjsnjzsk8SSrwcXq/k1vBzV4MKit2jrP0fGxfaEg8CPiDywz/AFMqt6th/Hkwc/oC6GpdLiBDhdGWYMdRNYo4DF5ZVsLbGtfdULDZGCx9lvz5WYDzc3TH58oca09JeNDRSqx7O/lw66r3PMkYdUJr5cRDCL9M6+FEcyPTEtK/SObdzZpjtdy1LKvz0qZy9r1+2n/2bVll6blbrJly6/Dkwkja2aMX+nQPumQxnxGsf93LLEdjqVqJm69srfeGo0+HmF0f3UdFH5VFuZNvsoKMK0Y7UmoUVBzzP15OVlX51OklEHUeWKUeiaDDYdfJiNI+chrcySE/vBcerkzw9Zmy34VicSxBkkJ17+HMBYeZj6TfDnTQn0HK15E9xJGuphwq/l+K/wA2jh4ZvKMRbLe97d55MLDKjxssYvcaqujBh3H6bpl60DCUerb7r0CNYPLiIPRl88n4N/zv5m3mHGwr0G+cA3HjzFB60XQNM9i2UXsKklO12vzIZG6t7Hk0CPeOPaPtUIc50V75e+jILRx7i2+k8mgZ5b2LXqDDQLmaRRq799LCus7Wbied5dAubV51R+NPoXyZxlJHCtp5FmkH6NGb/ePDkuUF+O+uhMw7n6QrXGJBxQ/GjKY2MhNlRha5pMPioUQSHKrJuP0kg7DTYduth20fq9H3W5UxSC74c5vFfSH/ADhQYG4OscmZiFHfU7Slw2fo31at1YbT/O5BmvylWGZTqINGaIZsMf8ATTYkbA+W1uR8OdkmseNMYri5sT3c7IgSPVa4GurnWa8on1odiCljQZUXUByByoMmy/Mw6KWWBgb23msQshZoltlLcsXk40GImfYvVtvNq1YmK3gaDYmUz/ZHRWgiKEQagBzdErBJUOZCdlRTYvIkcTZrKblvpUU37ucaJ/vej+Y5kmCPodKLvT+WyrQjP9r0RWdzpH4nd4URLGr6raxRwkxvImtGPprx5hVhmU7QaebAechbr4c66eaE6B160D/lUcy7UN6dgSBl0gt+ohzatv40YIbyEbWUdEeuu/m6aZA+GXVErDrfaoJGgRBuUW5ZMaeqfNw/d4+v4fwN4r2J2NwO40rMMso6LrwYbeTKLvJ2VpZ9Rli1rENhG9aSSPqMNXKCrZJkOZH4GiGGjmTU6cP5c0sRopvrFonJpo+1HXk86GSL3iv0UuY/tjZzssMTSN9kVGMfOdEmyFTQjhQRoNw5pgT9mU+dftfZH51YahyjBwnzkgu57Kfz2UsRXQkagu71fT2lkYIii5Jpo8D5iHt+kfhV3nlkPexoGLFSWHosbihBOBDivc/hQmOqDE9F+59x9ez2V9Sn+o/CrKLcl/8A6Wdtf2H+B5gmhOTEJsO4jgaII0cydeM7RzvPYdWbtDUa8zM8fcdddDERt43Ffuv8Va3iX1153FD+4tXZGnP9YayxoqLwUc4wYdssQ1STj8F76WONcqLsHKZG17go2seFNJLrxEutz+XqrKwDDga82dInYbb6jRGxhtU7fpqYBD0FGeTvO6llhwzNE2xq8n+TMM0OHTVpFtmkPE0sz4LJjlfK2Ww0i8aUSo0E69IUssgzPKuWQnbenw8x/SIdTHtDc3K0bjMjCxBrySc3+qkPpjh48wSK2inXqyD8PChBiV0U+7sv4fqMr4yBDwMgrzM0cv3Gvzy7sEQbSa1ZoMJx2PJ8BQRFCINgHKzucqrrJNDFygqg+ZjO77R7+Z0hrGw7xXS88nEdarqbj6XjSe3asP8AYLL76xSJjokgETFYi4upybaZsViUxUmc9OMgj3Uy/Vxqv51iF3CXV7KTFQC+Ii9HtrvWkljN1blyNq3hhtU8a8mxOqcbG3SDiOYUkUOvfTYSPEyLHH1Tv9tCSbW4Yrm48x8RObIvvoguYoN0SH8ePIHjco43qaTCY9rk6km+PNMWHU4mYbQvVXxNCXGPpnGtUHUT48wsxsBtJrOf2RD0U7Z4nu5+ZehJ2lrzw1fWLs/lVxr+kma3QnGYHv31JBiptE2kzC4NS4tsX56RSjdbZa3CjDh8XZCc2vMaxWIjN0duie6o84s8p0h/LkbEL+ySHzy9g9v41caxy5W3a1YbVPEUMPi9TnqS+jJ/PmabERZxsTdqpY4kCIuwDmDCg+bgGz7VGeclMKptq2uaaHQxhkNjmhZvfanTDKI5VF80SFLU+Hl2jWGG8caidzeSPzbGryypH941+i4Z5ftydBfjX6XOWX6qLor8TQSNAijYFHMLyMEUbzQeZTHhhrWE7W72+FaSLr7x2quPWOH6i8J0Z7Pomsso0b+4+B+kNA/Rbaj9k0YsRGV4NublTE4tCmGGsK21/wCXLY7KCN+wsei31R4eHMKSKGQ7jVnzYjC9va6ePGg6MHU7CKEI2vt7hVhs5uOvt0prDhNq3DeN6lX+lMTHZj0RhL291Sjy2bFWGySDR2rDIPnFj6VYnO8oQSdVHKjZ3VeOFFbtW1+3nBADJMerEm00JsUQzjqxjqp8T38ukj6+8dqrj2cP1FmFxwNeaOZew35GsvVfsNt+jlJo1kQ7mF6v5OU+65oNFhVzD0m6R9/NMCgOWHSvsA76CSMZMFsWU7Y/Hu7+ZtFPPh5PJ22sPQbxFaWUZZX1kcO7neVAebnG37VFounE3WjOw15xZYm4Zb1iRh3KzJGWQSi2bVTzTMXkc3JqJXFpJPOMObnkcIvE0qxqcNC+rTOOl6h8aOeVIy21pH6TVljxcLNwDjmaSPr7x2quPWDu5LsQPGrLNGx4Bud0h/KjhopiiIB0razWebW6tlzcfpejj1ycezVh6ydpqxFwavCGmwe+Ia2j+73d1LIjCeST5tFP40TLiGC9hNQq4dgeN6TSs+JwobWr/GlxEDXQ+0c58POLq2/geNHMhlg3SoNXr5Asal3OwLtpMXj1tl1pCfz5dDHiEeTgKyl7ydhOk3sFdCMYVO1Lrb2VpHJmm+sk1n1cKbC4M2VT0pe/uosxLMd55AMxmg3xsfwpJ4WzI3LpI+vvHaowYAXf0pW3eFZp5nlP2jyDRzF4/q5NYq6dCZevGd3NVp48zD0gbGlihQJGuwD6Vo49cn+2rD1k7+VnbUqi5qfEEZdI17CoICcokcLeumxx043db+VOIcMMPFFMgUeo0sBPmcR0SO/d+oDNhIS2ddeQcRXmII4vuLblxEUZs7oQKjjaB0ytdiwsLVlijWMfZHI5Q2kkOjU0q5ggJtmbYKOHwzYFY0RfnQvDvq+b5Ok+ygQk1iGcZsRN81GurJ31JhCehIMy+PKIIjaafVfgu+pxpdGIlzGy5iaIPyq4I3HDNX/mzf8At2pkwnyg0jAfUED20k8Z6SHWOIqOaPWki5h9KZ3YKii5Jopg/Mxdv0j8Ku8sjn7TE1eLESD7JNx7KEBUR4s/4T3/AMqsNfEnfzMdl26Fvwqw1msHNJhJUj0q9Ir31icRiXbIspQRqbU3k5bLLMvRY33GsHl26ZPx/UD76f7hzYX/ALh9f/xy4XhpD+FRgR6Y5up2u6pM3ya+I82mpCRbVTYtPk2SPFDUFa5C996xN+I/CsL6/wDaeVl3RoF/Ovld0YqyxoQRu6YrRuNF8qAapQOjL97ge+pHxiNhcNDrdyLn1VgcLhU8mwKvqTe2ra1P940gP7t2X6VHgkOq2d/yqTEYl9Hg4es3HurJgcFDHEN7i5NCHHYZIHbUs8Wq1ZL2dDmRx+NQ4jew1jv38x426rDKaXymPOsD6/DjRkWfStbVGFN6kkw0xizm5XaKDYqYyW2DYBSTrC00eH6bBfdWTPkl+rkGVvZzx99P9w5rW6w6Q8RQYbCL1mYhRxNPFhUfEOpzh0HR9tcDWnj+U1w+ZFBU5r7Ks3yyjDgc9Tyxm6MdRqTGsOioyJ3nfyl90iA/lXypCGWPNGvSfYOlTYP5MVgh1S4kjpSfAUkscsuZNl9dYbGQgYXEo15cP6Ld6/Cn+8ajJ/eMW+lYi/2fwFYeBnZMPd3ky+kb6qliPoMVoxOSECliVrCrK+kkQOmbiA2qiNwkNuaHUiPFIOi/HuNFcRAyfa3H18gyxmKHfK4sKWCEd7MdrGsssayLwYXr9GxMkP2GOdffTI0EeIC+lE2U+w/GvPRzQffjNvaNVebxEb+Dco++n+4ct2YKO+radXbsx9I+6vM4SZ+9+gPfrooZY8MEOW0YzH2n4VmlzYh+1Mc3u2cjYnBAaQ62i4+FZJo2ibgwtVhrNJ5QGw0J13brN4UkUS5I1FgOUSxC88GsDiN9F8NK0LHUbV+2v7q/bX91W8tkpMPH6R6TcBxqOFBZEXKPpUeLA6MgyN40sUz2w7X9RqZonV0ezXU1i8RPKqHUACddGRtes5R3XqCFuva7eJ51iLiriGMH7vNaTtsT8OTzkKP95b10YdH/AGZK/hWqTEDwnb40P0jEddf3p7QrXPif8410jM/3pm+NX8mjJ4lbmrKoUd3Iw3Ot/Z/wcyzKGHfXRjVfAV0dTjWp76DbO7hzGxGCtFMdbRnqtVp8PJH3kaq1Amh5owRfWS6qyRDM568h2n6W8Ey5kaicpmg3SKPx5AiKXc+iouaXFYwdMa0i4d5/WOR1tg8aVRsAtzNLiZBGvvNZYMISoYHM7W2GgmJibDX9K+ZaDIQynWCOZFJ2WsfXq55jjj0rOMzC9rVpkXIQbMvA83UoHq+n5pMLC54lBVookiH2Ft+thTvzH1fztzCTsFNJrKXyxJwFIcdiDHI4uIk3UcRh5DPAvWBHSWj8nyNdGGaO+48OZFhEdo4cmY29KnwryNJCUzdI3ynnCeOURyWsQ2w1og2diczN/EXxCrme+VQeNI+IcTRscrLbYO7mYoL1tE1vZWDaXqCUXvXyeuCVzKGY5k1W2b6xH9JzpOwjNyB3bO+sFl7X5cxVxKG69V11EU3k6HM2121k/wAYfDS6lbeNxpJZ8TpY0NwgW1+axC/o0hvG35UInVMSq6hn21o5LRw/VpR+UJ1y3Fogfx/9BmKZFkjO1WFXRpoe5Tce+g+Rp3Gwym//AO4//8QAKxABAAECBAUEAwEBAQEAAAAAAREAITFBUWEQIHGBkaGxwdEwQPDh8VBw/9oACAEBAAE/If34qKioqKio/wDAP24/Rj9o/Xio/DFRUVFRUfhj9c/VjmjnGl0ogKTjzJi8pWBmw+Bw54qP2j9iPwRUU7KBE5U36VhidbX4JyPqlPB4DN1YsIPERd/aVH5Y/TP1o5QfLL2KLKVrzcDAr+d7CLUIdxAl5vUSIyZNt6+OLBCEnBL1ZGyae6DMLU00ESFcHYOtA9G90GeZH7Z+xHFXAawf6j7rpAYVh3NQgTGi5AFSke+okyzKKz0xiRQqwYVkcfvvUUI1YwTQzvMLeRQazpky6Ddq2Bw1XNd6j8EfsH6UckcihNXU2ndoGcwMHxO01FIflpY7z8UoKIFsFDQL0slc6bMtA3ZPg44X4Ojl+/V4/WP1I4KwonELnRDBkUIFnbikkVLqCTpNvShinKz7X3R4Kf4sBzdV8JwDmA7oL+rUVFCyuioqKj8AfwW3ivK97tZoB4ttFxUcRozEkrb18UwdX8Hi/mts/g+9ahB9hi8zWK6WxFo/lPzhANKkAUFc7YPYY+ipBI6Ie00IA9Ge1GOBtl9/pQU/lMjwIY8DkSrO1aPF/WPmhkk4y5wTXLAbnBmLBIiIlfFQr+mJKL7YUptm8PUNEFENvq9+IQO5BkGOJX8kvKn2L4KrM9aDh3kVYVtAvjjHDZyL91CH3KowTDdkT8Z0X0spJ6slBCCwcRsuJM3h99qzsyGXC9KPsRak8ZE++NqeNQwO+VHSgGY/kPz3SwOQ+CrqcvbDu1OPueYI8L1aEUDIo2cfsCEyULd9YdEmFIMzgkkNaHGTXT2w8VHHGXRKW3+lRDcYe1AIm51CWl66UYzITE1XOopQKsBm0VpYuuxn1pCWXmI/iFBHpEPm/rRQcWaeo+KiooXvwKd6ndvH3jHaKyI/9BRSeXMZ5GPajGMZLh+9q1sIbgzda9562y61YLrhvyEjfpvYPdpaSeiLFVHOYo5RjmVbWAHkiyI4+lEGYCCkFyjsoHp+Q/NAeQhiNk9iXtwWgLmxi+KhSmYVqnapw0VAxYMYUonZiZDHhdMxbv8Ap244sd19e4pX5GTjHC9gRz0/0ntxROeBiaO77PC1cyxNKyOKgaiKRC0jgtWrGEZHH778kVELanQm2lMdXySxExL0iglPZGgxdaRr9iZzjOfZTBCg72ZMGWlGwkBc2bvPvyIIWrdWE9ml78tn6NW4hIQAv1M1O6iQLzOahVaiiCv3WX8lomYRDZE9I/IfmcFg3cIhxVkTIu3qDjU/I+1JHI20waUgIjxRieGsZ/XkGfCz66d8fPLkZLKp8IJTRzKQZQGrVuFsDOr54GuOFxuNEOajFFmKmGcunvvWUK/VEfZUcn/LF1/c1UVIL97hEK8xsXJFfByuTg0sKQeTWWj5zdacwRAHejgiA+OPVoTYUAyP2hBnszF7+nBGQgIYFo/tKQCji+LytQZUY+XpA0EJAoYlo/teCjoj3Afa8chzGZomDSgE7YDHhFNHwiAF2s6/yxnyigntohNRlxXPKk31l7gawvfyMb0ipn5JBRwb0k8MJXFYa28Um7rekwyII4YmQ7TY+XvyzbgLUaTrFUymYfFbGEQ+aSQCuSpxgi0wZ1Oh80dhmmAgZmEZDhILbksXYyuA1d9qNYks3orMDg3+lQ31R/FauKlE6BbzUPUul11X9shDTsxpaRMrDV+6KXECAKwjqWWo4gy0rCOpEQhgCj3zCiKkqWBkM12K1GG1c3u8vRrsv8HjSrVGsPlyG7WJmM+/+Mh1oR6uPWV3gMvGXW49GkVdMO5yWlisjwtVWyEcKeteKS0p9rlv4Z0AETAgKjlAAhtrV6pcqYov68Y0c0Z/wrXlWU7W1ALREfXrvSdG8I/y3oZJLlWPudwGrvtV37niFq/+C6jC+JNShVPCYRuYlDOF6mMbVL0cSg759qESAywfY0q9kRjFLR5BqnNzdDVqGDY0Hx9elBBtnaNNXOXGaNcdaDVinwEL2UAEZHMq3ce2/wCjUzwStWMZT2Q5qPWaNSDhOfGFA2tCwHJi00hCnjYzZPLFATQnPnCgAsaLmv2PV24xwPCaASJSgjpdGeuunTphngXNlWr+8csTW/jENbpkN8UEGnANmEhWA0fur3hLYpaPBj5dXGp6lRrbDsn5xq6LYPL1aQ3BmcznxeeSUQApWkktGrNMChFgixNSnQ6kH+Vk+iWuOv0itTqqR6L/ALq9J0T3PWm4ilh2L7VD4QWfzGoLe44GTMmkai31r7343eKi/wDDKiSiYEjynENALJSoJIP8rV20/A+TYLRmTGlZ5scUjCc+R/cODPQAZddGoCpr2SxIzpL3OV9bZcH5mNgSHtTFynXdX8Iph5qWrTQsRaZ3L4cZpWhABTzOFeaiX+ijvwRa+ge9WUzNtADrRN2HMDKRX4ZShxOIhnM1q+UQXuPfmZwtzUBR+6JxlerfOnj51B4KGz5kh8Sqyhyw7GXWjLCkGDRi58Ly+urWP3pt3Z+3WsLx6J0UMYoHAfrH4hCHpMM/YPVqCrB5FMJZ4htIeyyejWGCa8YK2slHQllWRMkJtFSvPEAfGFR8q6QAYepVk4K3/CeRgjuKfcoI1lpAhK6xU1pgQsQYICHzT/ce1JKojkL5LemOJC7B98yGFEtf2PerkI9i5RPHYsTx3SmCGHzUixqJOsX+zp8RTdV3qc/wP5j8R8XJIMnbLvTYd8l4mkZFAZPA6auVCRZvHRoMA5I9sCF0YdufAjlhgWjMMt0wsQ7U565sngPn8SImeL1d1JTjm53K/kvmv5L5qaHoruOrlS5+Rt155TcwZU3c90GaYogAYrKv774r+++KMFnSLjKf0WH0f2zlGLqzNWfbGpYrueq04W5aMmr4KHOgY9RKeMSW83Lu5EkikW3rcT2dqBDXqD4io4IzFP1cX0o8fQMAVNSYFyPoFTIpsn5r++46Upsdh/dYVPS+alkaa/aUYQ8rXkok9agrGsy1J3QfNI8gTHpCj+oX0Y+6bSEjEtjQ4xx3h/IoNpEtEasV6VWrcvY96glBb+hq3pFViwk4Xs5Va0UUsOCXs0DMordFRzv5DgVHSPL8N1kVAzOGH741Dr1/60PDOLB0HzWSx3smichV+MHeowm4Sw0M70q1i91GVRm0OHK9a0GesvO1cgK97uZVIob1qJvicaR4biTqrTgOkU0BmyBE2IKPdJBWUhhBAxXBcNYiMUxv6wLqUhllFfv9KzgMP4ejoU9AoluEkzrj1xqem2Uv3NqxFev11gK6fXU4kQBD2KiozzmLi9j34BIJiRbdTKkKQwFDvjU+96b1pPwtZdTN2oRKSsifoRrjl5uBTg9QZrLQoy80ZlToSMI0nDTy3NkDrrSkFjK/eVGSwGY8hVsJcch89qQLk3iJ0a82Pqf9opRJKMrGrSwVBWIf9PMAlwrHHgpPbDvQ+JJRMQD3YxozBt2SK70axOqRZ69qFqaS6ZacXAmYvnd4TmAhMo5NQ0kJ1oNjWBNz3px6Ycrp9uSSYxjuOVYp8Q8UgrUxvn+MXw0syYpz3KEoGEctzesdAAZD+MKfFNkISha5hKWn2kqskDEZWS9ZTdTBQxRuzN59samIIa60k6widKN2eN/MelQA7BOzo1KaiFdCOuHK8xwOIHb5OkB7vAtYnBTgMaONBlSQSCKYiw9aiuaDPE0Fz14KzJ+QD0jlPJbPMcBjJV9Gn108UJCuRg3zQQcqglwp4exGRTSouVvGEF/ijFRPgCTWjAaUBoPoUMTgYsRymtstQK1Jtj/ju0CfNAlnoRjTilkxPioGyXZmhfdABQRZEj6dTLkkTgap9qAAInyhn3oM5mR360MTY8WmHZhqQjHzNBtCoybMH/eCo80xXW44XrR+yYZLzUM6chQ3wv7KGT+sLyXAmhdhuscDHcs3lkeZpVMnLh5P2UouzR5Dwx4af+Tg1/0FCfzicvl6wns8Lq3c9hU5VEGJJjZ3jSrb1I272anBD/ZLsRLmFoxregznkEl/hzyy7/gkZBjxjswxHnKoPXGVrsaESBcuiL9b06qEkaaBF+7EUxsIXyNDAhjgF4KsJiji9NCsGnpDUbtIplUSnxQAAIDi4JCUJDucXGrlcKJCAQBlQzCLz+ilbpgydBlRhEJVHROtFVuevOlLnc5d58KAgyNxKVMEEaL3Qd6gLtIBldqzXOQhnBvnRKUTYoiHizk3Wk8CkAS/+lJ7ClMF/uoJpjuGHrX/AA1CPzxfAl5OFPU0DnhnASvfWieTAQDoC1OuC6fPojxhMgr+ZgLl6y8jIh9+tTvKn4+1H8LANyZHzTuwJLMIM/XnwDFY4pFUkoZqHsgzJzqJpIW7bgwtS8YCBb5o4pvBPkMl2mjw0nZRjbvUKRin0U1/9hs2PWgIABkcsdqs8uG8RuEnqeKlWMlMLtRAkYIfJDgdbtAkpyI26P8AxSzqccDQEWyYwYaZJ4o4qInokDzQ5YwESqfpQjgvDI/eFYPgTI1H5W/6N6XLXNTwYwSIOh45nkOBwON4IEA8BnRINwtntjWwvT6a1/VldvtQy5XxVqvKvJE2LyzXB3qekFxJs+exi2kDK8mPhKoJKhERbSrf4gwSI4l2N6Lg4DUHWhHWuEbVFgtBH4IecbOQszEdENNykpiAwpTIX3tTOPIXMLJWMyZpWkbi/DhbCCtn8OCZLJA8dhnTMyyN9G9RkHUg9aSJF5per6UF14WAODweDyHA4HA4HA4HAoyQG7UReuZf/Vzmxir1ZetSEx+15SU/RZmHipoZnKt14Z+eIquPIvUxFswBOXSleaj3BURdtguThHWoKtQpi0BuJSlSIjh5XQDkWPYPI/g8V1YpibU2CQa0x9U//MjGIp1mvc04BYrNuvPAdcvPPt5FwblxU0s1O8hQxy/4Df8AYy4JfbO7Q5IXTJ2+lZ+xMecYVgDKpPunRoccEeVMBqGxf6o7kkvTPkG/MzC9Ky1myx661KIm2nE5bl6EZi9D7BgLDq40YN1kMjChAiSlmSf7rWCfWFiJe1uaa78hTRgJEpEzvYP8MGnhuzfMihQx2B5v6UfAJCiDaPnieMHBaBPG921LymAuwGVHWOG3HmosEIXjJt0pUiTHTRZm9Y/kxy4CDu1kjOCPT8DIIj6EPbHtSMijKuK1nTX6kodi0KaYUCeztpmoPOkkItk1e2w3Jx8ntyqEBrsrEWdmlvoK6JvShk3rqNFmSGTvT5iQricqRlZW88jiEpgCplEgX08B2rCFmsT8WCHrWJQfNddsu9MwxjV8ljLC6mzQTAmZyOS7cscMHxpqdeKka/0ulNLBT/uYaGx99+CBK5FziWmxdsK4j1OGJJSxY+ifkDiBrYpZ9qeX4DK3Kd5qdPnSdPnSdPnSdPnSdPnSdPnRFChYTBNJiFyucf8AtwL/ALmEeKL4sV6VdNjPRjanaV0MmKpC7ZJkQn45I7yQMUH0VOMxjwL4UuJBJiRFulqZ3V4hPMdaVFh+hBnNTlKLIJ0W9eW9WPZRSeoEtNBm4InQqw1K7tWytOM1oUtRKhc0qNoEsstEWQhXKTmvdL1d43iaRCR3TBQnT50dvlS6pMdSo6fOjsGBQ6KcaXwiHYyG7eMcKJRjMMWjqwo9FEhWAyC7FYFZuoNK8VusP+U8H8Lpt1xVwmQinryHApzsU/XUL7CZpl3J4OY1jILPMGizFqC+4AkRN6ZbJDNq/Q5qBHtPkqzRR88iWEWV4E4OKARUVYstG2Pa9WsckKdDGd6SY3SI3TlQMrsuZb8fGUZJE0aiQkeUMbCDWfP4qHSPcUFSBYlfct6xTdb9NZf1qWMQjMCfikU6YN6H9DBzxMGB4DlSSKvDC2ruf21T1bJnpZwpgS6q3mcCph0Z7CJinpd7jWCl2zC4g/SKeDweY4HA4HArNy0dqm7VeFOm5zgc360jbYsn51AbmEQnmrr6ySbaqg1KXEWaq6iZYENz/FKjG0uudG0iUkThABKx0bfXFlJfVNd0U5eIsWeBoCQmdQcHoqBEUhmXC/UAYAaNPh65YHWn2gnReJ4wDcehS4yt0TciQYlKySXVzolATJwkhnSzV8MJjbc+KORYL2ppdosA+7tT+uqb5mpCV5I5ZmNsM6MbEpkTlmiCyYPwVoM8W3DnwBUBK5UrBsFC7mRQQRTweDyHA4HA4HA4ODbeyB6Rw9JVoqY8UcKj0oBAQGRTqVpigY+ZPWpUbdodaejQBSHF741F4S6xeg+OAs5p1ZetA1CQnBScVJUPd2WYYucmDzqL+e/IQhgDMeMqrWkhu8gfyx2mJaKeCNg5N86ORojERe+Hze1YBTpjV/AahfE1s9qCaWMzxnYD5rLlS6B0U07cp70PJ8C9Rp4PB4PIcDgcDgcDheWndFxXUwOi+J8AqTJNFhPZqOmYNAQI3vlQ0HI70Q3dcqCdXfQl7uJou8zk8+/GTNrS2FCyyTdA7cbnXaM4jkxKqd6R7cZkRZWGZWpsxGOIoiWajViRShwORwac2bo0W3pQSBiEEkh20q3/ABeanQTMmMjK50puR6UuUhWrF/wPB4PB5DgcDgcDgcNOf1hYcBWJnjuVgNYOnyA1H/2WKyTepfpdi3ouHMNu81ZLZix2NuJms430704hBhHLindze2dMZIQeAxIodDI5NQ5N/wDrgPgAS3ovU8eJc1OPFZ6cXJ0oQW5HChFh7QNvSiu2td9yaFii1h9UwpGL/ca1OdQRqKWUXuTHet4nTcrweDweDyHA4HA4HA4QkmIsYVneDvTBwJHUo4XpYO9geYeQiCBcl4tNf4/kMeS6SaRz09Kkc0jFrGXHJw/naNqGb04MFawousGPLupCMkvTVsZBt7xSYoN4E+9R2/Kp4rFDPBKxWAvbD70fMWendVmLWk8I+s8uVgPmsCpsmnbyL1lY/oz9auYpo17fapu3Od5p0onB025gI08Hg8Hg/kOBwMVIQlIdL788a8qHBPEjDHA8F+ooXQ5DM4MhnFVDQKxUTwaWinac9Ynffia8OQJT4193o7b0wSiehGM8MobJs/ypugDxZU8gw1Aj4gaMySXVoqqxGRMZrR0wQMikYF1ocwIRuGnIrdBOCXB7UzU8UhvIenBBxvQekJBMF36NIulCuWpKnB5ePyZtEaGDgDlc9WWURDSljDNhc7U8Hg8Hg/o6e2UCVfxiUcACNysjt85uXd4RTqdYL9zPt6UQLPDA6GXvRkdVmsNPZP4L6jB858hFwwCRK6DqiOmZ60VnHb3/ABWA7erWoo0lmgmH8C4OLJtaVPjn8dWhmuvkBFsFMpnTw1R9Da+dYXLIg4LFHGhdi37nocDweDweDweDwf00VCyWJ37DFShi9MBwjP3V3071cw3eUOcnaYtWd6LIjbjlFU/NqOCVf/ctxamqyeRvXSlHHqZ08Mfe8mJTtfkIbLiUSakmIFacwTTKSKNj2P6tZQGHkmkHbIs/9S7dBEALAZcY110ep0cDu5UdHoViDVn71PK/s5EszBVpmtMrM9cVULJqX7NR5DYP6O1NPKCCYTC2eimtO3/Xu6VHucXVdXWoq7w9IfP+L9eQ9Zof/F+1PNsMW/Jo8sVPKTI9QpVdnQ03a9qfNAbK/u1L+ab8VbRtT5WlQRzseCiZ1oCo5UNJ0TX3jl1oSBIDiWi90GA3ac8ZGwNDtg9c6ULOISVi9wbP4wfNLAuGcDt8/pnA4HA4HCAOCDMwdse9M/3FA63ahqsseaZZxypHebeCzBiRI71AmSfE0RKac41YMY0uTapSzniR1PUeJ28oJKKtePnrb6468iKsH7m7XZRgDf7X8Y86wlsVsZFH3ouTdj2c4OhlcBS6J/HCNvexdqBcMDgDiTEUlYK3QY0aGr0OrxaNNgbdBrInR7Opn28VDPtZfonA4HNjeniACo9MqHk+zQV9AbwIiYm9CQhEFQWpDn8HypLZ/uH1Q4kX+R1N6iiaTU2d+LOe6VgGAdas8BJW9wamXIzc5e6oOdKMMSb5quyswi2L+vJGRFgxeQb1M7eGEcC7QwiJR0kybX0+/JMVhJom54zpjtQuFQUNsZt30oOJ4DSiAKUNu/rJ5GjIzx0o5pNPenrr3rBGf0p/xvQEkHBKeDweDyP5sG77AQPbzRvyUqEQ0NqUFLBZKe2ygLqwKT42pqF9CJBB7VehonIfoHBBbcB4W3+taMEEuJnxKGipONYa1DZYER9G3xxacgC+KkZ21fSiKNGCOSyn06kSviKR6DJ0Bob1I1SdJNyr2laFCA1dj0UyhUtLKs0wfEUdGuEJNYTYr37uxWO3h99+SNqsUOhA5Lj02hIRYLo7GnlpUKABGCDR30aufMksrR/ArTS6iexl29ajE2sSz/R1/A8H8ZwKsgmAvQjAm3hajxfE8FHZoBAQFgOBsAqyNI0sZs7PvycsKGTjjbloy4MBY7Mu+PXGhdHK5GmfxiTu+cO+1GIQLAcwSxpKYyk+yrSorffgOKmYgLbrsRgmk1FVmQtvmigrASHFOLSlLBjcfVX5tcAo3tjdq+ub0v7jtHGxMzOA0d967N1YrR5Xg0+I+ISNeqfw/jB9Kx4AlsD76n5TgfgxwmGFLpxyIeJrHr4lChhwOAmBoDLs/pW+dx2f6GdACMjgnCYoRAzpNRzYvJ+c3L9ahrGDZjl2e68x2z0jABCeIah8+TzZoI5/sfJVxsaQE2+qkSsOdSZsqyXA8RytxbNik9Qi7dXCdfCsaPjpN1u0KQsJBoR42L+CNHfernzLELR4QwuqitpAFameU8TxccFajlTFILF8m7WOtnCMJf1p/TOdtuhKsBq/BV3yrOKNWnJgQjnS180o6v8AhpRLvnEN9BSYvg8fYx71t3EpoeEybOF4PjtWbqo4uY782XRQxyhvSDKMch7HhYaQKVRI5sSZyfrwAKsBm071ZsemtQ/5RKepWBaf5ZYO72oYTZsHs7IodsIOKHDTDnWPxB5XvWNXhji0G7L2qNA5HM2d+NoYMXAaO+9RfDYEj0GbvTR/1U8UKMlmoqdi0/12p7bl1fcanLhs2Ig0t+dKIjgc88X2aXVwGr8FX4Ks4pavFtJBtigSySUAZUcwgkmJYpdLC7vQih2Hgl5ySxhTN+gDO+O/OAhJNGlKwW4ZmouOgvFKHxzF4o56CwA3v9VtEUjhBooGJOL4GlGNeoGpEl7JvqN9e9Ngz23AF2jDvlcD/qpdUW0OPk9uN8/YMc58U6Cn7FGAU7doZAeHUqHSpvVNYDJyWzhp1oBNk/amzIaAKQdO0z/i9aXa9+4UAGn+vVlH85GY3pdklnFLV5GU/wCipCBSwGdT+arwLMad4xMTGV70TDRwRMHzTLaJ4/lcDSJehceo88RL3nXB80kgAz5tFFYJ9lrp2pTl4U3WiKcErmdFFR6z6cRDtjHb7U3Bk4VREiytrTZQDXjOQNOftR3fMW7K9m1/U1pTpgekz887wf0YJis872ei+KR5eZz0Uph0O/VWW3Hc3pa2RmZkKIqCzshYeeQLJWGyRRJMjCMYWPmadldSQ6XLVI2KEJ2a07HjoApD6CAM6JtM3jaoF3W8zHt+Rw8NIeqHqUqsiDtSgZxWAourLJpjfA2ktNCJJDyVMoAIBAXgoWScZA+lRRtsRNgqCQxnMxdsO7xZxb70u9qvnTtAhVexQ1PsHbPZofC1MiNIctqkpuxFhmt/U1oVoezzHx+1p2gdKp+SE4RAKXE3jGsaN8Gh70jxRWMIqcjA+iz7rywwEQWHsUIaG0J6WCgViL0qqtCNtatRj1ANbc+dMed/xdx2ShlqTKJ7f+qLdfOYPJ6qfhLQ1oR5XG9hFFPCZ/wpNa/Ms/s2pIxrLmJkYJQAiVyxO2B2KgQCCjENFD10NNAXNUtLhgF1qJk2BEGQy70YSCeXG+nhMct80Ak5M5X/ABfpX/H+lJlAkZfVG6rJ5JVHSIdg/A/pW/VTQ4eT2oTLHExov0tWa8gCUvQCEXQF2xUqogMwSY9aACBD0SU9eZQJMkreYAajhPAZtfdsPQFRRKTehSLA/i3FGB3Sii3BbpRPiuz7NCs9QNC5Ny3ka20AI4Y6sib2Po0njsRQzUqe1Mp7oTtP5bvQgjLFYrM5Grykk1NGlLw3Lo4VEFNApnGMQhGxi13Bm34Nv244DhMzc3rcHLQbMvaiy1YUPJB2oUZqifubfhnjlMu6setWAxDtU1PB/lSYpoGdP43izA4A6UpFUe8ZlCNeTkSpqeHQim32J4oZ5oUOrgevc9qDIkKzyCBCSaNSBbUH7+7DWfatooB7PyTWwVlt/pyEDgJXSpRWIdi2rVsKwZ6lx7VkLQINbYlOme0Vj0J7cjUCJsSlx6RS7GkSAmHnmeKkMkDBrJV5RLt+R/fnmGVGwSWbRf2IJI6KUB1qamsZ13EqgeHVgL40WFImTc5KwlgxtmObeKzKTXpKamp4IAY48qivOd6Lpxn/ANCeWc24MYsGipYzIMJvyAQbjSOlhcDfuUFwpZhNJMaKqdnBF3c6aq47vDj8eWeWf/Mn8c8M8yoDSY65X0DWJ2kEOxaiAgsVNTzT/wCNNTUNahr+AAIhUahwwqHK/VXVwdVdddfD18N3LEajUKhUeMRqNQ/ZZpngSicBKpWKxVpf1VX+sAB/zjiVlBwAoOBFBUVDoX7naoNKhpUdKjpWxWxW1WxWzW3W3W3WzWzWzWzW3WzWzW1W3WzWzW3W3WzWzWzW1WxWxUdKjpUNKg0rtwmp/wDsX//aAAwDAQACAAMAAAAQ222222222222222ySSS222222222222222y2222222222222W2222222S222222222222y22222222222S22yS22yS222W2222222222y2222222222W2y2SSWeSSWy22W222222222y222222222W2WSSS22E+ySSWW2W22222222y2222222222WSSWmO2c+2y2SSW2W2222222y2222222y2WSWW0ASRgC222WSWW22222222y22222222WSW22wg/wBsNttltsklltttttttstttttttsklllsl5H9ltkttssskl/VtttttstttttstlKys+Mq3MEptIlkthFkGiI9ttttstttttltgoF9hMgcflnnoAAW9ttTfIVttttsttttstskMY4sAokpItX5ElN5tlElkcttttsttttttleGD2kEtJMqzd1NhJwssnAjlltttttttttskORD6okIhImFktJgMIklCHKtsttttttttskksN6kpoIkFvZFkJp4BtotlklttttttttlkktgZOVJokeBARwAIStFsotssklttttttttsttsglppF5I0pBAFQ2JooMFttDUstttttttlttkkplRAJAMZJIFx3HhJJMipK1ttttttlkksskppMXBK6JJJJJHR+ANIwIZsklltttttstttlNO7AB35BJJJJ5IJAEvAAtlklttttsskltkgsoI4JP3KtdS0PJxIAmBJtttkstttttlkmwlAQmJJJBaw03AcBJIBIJAAcmktttttkl2AFJJY45JIN7XDHQWZJBBAPphz4kllttlkt3529su3JJIKXL6zF+TIMhsRBi5P0tttttsk3GHNBAJJJF9uy0CT/xIFIOXEIAx8ktttskl23FAsDJJI/wt2/Ht/wDgSSJteB6d7ZLLbLJbapDSIQSSQX/3Bvq7v/8AckjCYkmW22Wy2y2Sy2GiwgEkk3/+Hbw5P/8A5JCcJ8MFPskttttkttktMzNpJGv9u29wp/8A8CSAxiSY4zJLbbbJJbJaDnJISS35NtycE9r/AIkgAIAAjYayW22SXSWmEKDRkk2BzbY//K3zZkklY2U7bny2W2S2WSkCLFhgkDMene//AOSfgZJIKMsoJj8tltktlkpEBkzG5K31/c6h+SuWJIL8Bpv20ktltktlstFsAQxAMWN/y2z/ANttiQZbKSZD5ZLYbZLZbLZaAQeOQBsj/Nu/utvySGzdSZLZZLYbZLZbLRZASSTyGN9etu8LNyySX7ICZLZZLYbZLZZKRbSASQiA9u/NusJGySQZFUaBnZZKZbZLbZKQYCSCSORXO7tvyZYiSiR1jbRfZbLZbZJbZIaQAQSQiSa4Dtttq+STCQSDZTJZbJbbbJbbJaTACSSCSSN2NtuLyQSSUCBQSJbbJbbbZLbZYoOCACASSSYnSYiSCSSSCCSYJbZJbbLZLLZSCSSSCSACSSSSSSQASCCSTbJLbJLbbLJbbJZPhiSACQMySBxiSSCSQSAAZZbLZbLbbJLbbZPziSQAQJSCR/CSSSSCQBSRRLbZLLbbbJZbXN2CCSSCSSDtgOCSSQSQAZRSTZJLbbZZLbZKcrYQAAQSSCT92SSSmSSQQaJYhLbbbbbJLbZSSQQQziSSSRtgWSdcaAF8dbYVJZbbbbZbbJLATAAB4CSSRiRmTnf8DyQSLLJLbbbbLJJZZquiABywCSSSCQAQYtoKSST7bZLLbbbbbLbYZdiYAemCSSSCSCCxo4YBbz5ZJbbbbbZZJLL3xOaDzgQQCCASSAep3SoQJLZJZbbbbbbZLaEvuQTIQSQSQAQAQALCSfNPbZbbbbbbbbZLbE/rTKYYACQRsCAQZaWwBLbZJLLbbbbbZZJbbJJTSSYaACTmADkTSK5JbbJLbbbbbbbbbJJbbJIKSCKIbBgZDeQaKJbbZJbbbbbbbbbbbJLbZZLKaJyZQR6SIabBJbbbLbLbbbbbbbbbZJbLbJCKSQJIpISaLBLLbZJJZbbbbbbbbbLLZLLZbJJKaQRQSJZTZZLJLZbLbbbbbbbbbbbZbZbbbLbTJbZITZZJJJLLLLbbbbbbbbbbbbbbZZLJbJLbbbLLJbJbZbJbbbbbbbbbbbbbbbbbbbbbbbbbbbbbbbbbbbbbbbbbbbbbbbbbbbbbbbbbbbbbbbbbbbbbbbbbbbbbbbbbbbbbbbbbbbbbbbbbbbbbbbbbbbbbbbbb/8QALREBAAEDAgUDBQEBAQADAAAAAREAITFBURAgYXGBkaGxMEBQwdHw4WBwgPH/2gAIAQMBAT8Q/wDnSf8AwrQU0fnZq/K0cD840c0f+EPzhdyVul4nwS0vNRZdHS+ziOd4H2stbuBl/wCdaXEOkC+qfAVCHmh/VHj9gTxh9qOImE+9QFg0NO7p7vSlrR5X5PinZM7J+6OX/fD5/sVm5wQSGjECeYAn05HhNP22Nlmkxu4NjQOBPSATpTkEZYMDtrFNVeh6Oj/enaj7tJhaDJ0Ou+2KYzt1wd2gm4BDEkei9BUmWgIirVhQhiYmTbFS1nZOjt2dNu30IqKjkXH0dDu/o9qmxGwP3NekIQ+p/KmdAysn9OvO8Z5QRpHoL+qLPGquAMrTF5hwTbI+LE0fTVMOEBmZjPbeiE0KPWlyRXsfdBqSfOnvTRSkvdoD2Ez3I/VXDFxs79KxigwKZcWxTACQCar/AMoVSUqDCHuW/wC+fqOXa9G74PeKdqStGipIIy7+KjkOZZY3Nf7UiSrjbw96wMo/SOQ0GJe1z90Z7ALbT6LUuSDFaAXjErN+lRIdQxhNaJhBVtRX+0xJkvq02RA9D7poGv6ODgNWIib5b9KiiMkkAuGOvSpVxBldIQWk3dqfMpEOjHBzMD+D6itGJ9V/nCwgrDrc+KTA0RdgLehUjMu6/W960CAfP75innE2QRoq7aO5o/3rU3y+e5TGCswRPms1foU99B4y+mv3bBJYk7l/1wDVnCMWnEVKmAJmb2z5WjPwhHS1v6DQYuMrROI6cGUXb4OPY+obOpece9GYCSXwNob+nmkGdCAwGqkb/rNYTItoY8AW60UacIl3b+xHNipqeBy39jR1OpSpDabP8fakoieH9oikf4u29jzUeQsBp93mr6iydHX+OlEjA6v8qAm7GDoadN4y1Ym7kMaJh2nMYaUKDuv8owEBlbE4OrgoGMAQdj6heyENPgtEfvZqJvsFHzUzSnlqCkLiyuimh01544x+GngGlNu06P74v0qfJdRPmpk10FogXfy7H9ih8APVd3f6E1PKgISr2LoR8RT0s3i/rnmmp/GIsSsAfQnkmrekgk0HL+p0mmvGTLeGcT1PjnMEwWXiYzmfbpyz9dUbjKWlnE9C8damHZILlDD+p1j8A+UAV7GaMShQlGdpNJ88Wni0AkSVDAOhHxz+VkxrvtPWJpo4tHPNTwnkgGGzegCGPwBUyBHs0BTJIYg/sacscH6TyNHM8jR+Cmp5XgcD7eOD+DjgcsVFRxEtLbL6F686Gwe9/asIu6v8rL9G/wBpq98J+6Kfi/opgQ+iPe5R4w3GeEVFR9E4v3M8J5mjifQAGT6kd3B5oqSYMggZXLnSKEhYuq73Vp6a0stPR8pDvReRzLOHOhaOlRjbABU72sAgM3X4ngtIjsTT4kLsJjqTUKf7mp/PShAU1PqzwOE8Z+xfpPCaaOdkRTCKRvbEdYpr0cDIEBjdiJOtCzEkTMiu8pSGEM/5psUKQgsfBpvxMGh7q8L6A3gmEw1PBOskpGnQ76Vk7YetECgDmJ/3jSprnKzrGY3PqnLHA+weY5YqKjnnERyEWRvuaaPTNGGBJk6bEvtHWjNhkNVy8Sb4/dDwQZhKuhiI2KHmNGLCaT1zSlwAHZWJrH83XTVpDQ9Ul7BMutDslxkjtbaKnClmC/8Aw3aKGBa3Ss+NaQvb9lWRbuUBLM7bb6UiTgARI84fJWVen0ie9TyQT0JCkusxnaKI64v+nyQ8AEqKgFPefivZoT45XhH2bxzT9deKzhF5ef8AXpeW2ILzNts1EnA7onJ1vHWjLwl6NmQhaJrHfFMQSKTNppCvRsCbHgqCGXnU/wAKLwlEXG5Oq/FWvFkTp8jh0SghBz4rPB1oD/B1dKbDsRjzu0zgGrY7TvS2AckG3dMd6QOVbcdn9PI8Wp+xfpT58lvAGmjNBLBodEsnrzvGX0jD1qSsLDOZ1qY7BKFU7aG1piaaRSatNYbEk3JxxEwzOwNF6Tmju5hcmjbpPtSG4gyr7eerpSkinZBBcRjegAg5TlmVaJd5g/frQZ6L3u2nwdam5xIDuQljvd1ipxBwEtI9k2fE0893J6jTZgL9yz78s8T7GKjhHMijZSRc2Z9miMj/AAr1efBIB6i76THJZspdxafF3eoIio5kKO8EevGxhbBdBuC2vUyxUiRO0paOhOlFRF2+gcjFwmPC0hEqToULMVFXXEgntNLGCaOdJE/TTqYZWgHVL6rlioqPwQa8Hzp71AGUnqqzylTL7koIMqjPm3am9CyYQ6Nbm6442WmOJmaUrgxoU2DpSGI+bfoYv/I1qziO9mdo3pL0KBggaANwfvOKYatiEi3KcgU5lY3HJ+/FSz0GOlE45eszMfyg8pT0iaIzOXY1WimgAPHPP3NlZcbOrse/zRYRwlPi75agrjLdHcl96aYodOnc/ZQASR5dQoHgu/FBfZSOmvvyZTCHVbY0qWx8u8EvmpRdbjH6BJ0iYv12pzg4YJvKl57FBe2t5QOBtHpQ2yRObIjHr1w0a2uskQEvh+m9lGSLv4/6KRADcH7hqVI7kvoW96zzOVy9+nTHM8k/bY8Cv/PNMvKS1PwYQluBdyG1C45WomN60zbfXWrdWpOzhpT5bju08PzyzPhN4QMbN4pFLAJ7Yac+wtDC7EPrNQZQZZQZx1pEkryGClbFOVl5Ta2OvB2JWRqDPoSS/eiRgbAWnE9Jt5KZS1YiZIxfc6Jc9KEEn05HmeBT9Zo+gh2XpCnNZHkPMWPS/anHgB+KsXkL0YxTBGJ/Jy3KhQ7qfwqawXI0zMUnAMCOiRZ7704rsgNR3pTOhK5A1dTlBJkljvDHLhSCUCOgOSwz/sUFhIiGJ2HWjlq3QEvhNQJh79DvTkIhRHJt6kUTZMoAlYozyID68xL1nlFqIsC82YiHM5ZiNeeKms8D7Uk9KedPeiLhIe5U7iMxKCahjro015dgBc2iUiYbUtUpLRCR7DV9beOUNinDfCfDwbkhGztvUTGB8Z8fuj8YriZNiyPWadGEiG53OjRqHVTTv/eJJ2N+kkT4oAwPLOpZMoBNXV6bUDd0jBN4KCetL1FvcKWU4wNCxPvNJMhyeCf1SPjI6koZ+gHt9VqeE8D7ZtQ9n+Hr61LgFpJPRP7UBgrIlT41o2XYcvGndoEYCAKmp42bknw2/fGE0hh0d9invWLhqdgVcP0CxV5lJfI582qYq9QF0xbZ7aNNABbkyp3sTTkgzZ6PGLoGN10CssCX1o08Jhp0krR6XCe5CO2Z8U2L6GDPwczl5tXfO3mhwIO5RpJdMPXHrFF78ryR9wgIaxkdiODwijgD2oedKRZizwY8gj6UyAiGNHU8PJjmtnrj2PnkchHui/3ja+ZB2bvd5B6kFwxLQ77dqFGDLyGXWdZjryk16+zfvtU83nLX6YJ+akIfX9OtKE4c3/PHpzx960U0cVYdN31PW/niIuPyH9NKLIVtNzxnjfrI9Yj45BnhB7qR8PEo8pXQm7PmaVXkY4oI5UUIKWWUnBfY5WNWUOxagvzjluSeDarNNkgSRiGdEG52rPWT5KAjUH1/CRUcgbyu4084pwUJx13BPbX2owaRJ4TGxA6Gh4OTQUyeP+PCHRJCXSelESUU6ywE+b0yt+KkGBeroUEcpHgodm/zajvwWdzB5KIJ/wAfFI5AQXmOq1mVQerQEaAfhp5FSwcdv8zxKfqw8FvagVFAmDNZFGv89uTUJQ+bVM3pgl5zT/8ABSI3FnZNL5ba69unWg15AWX1jF3bFTjEPCWV+a0Jcu7q8yCX623famWJJbn8pgiUd6zRqJtf88evNP4EcE3tJiLREe9JNovKL+/FwcjT+Uv88bNSVZBGkZnvaoStE953P6fFWvVQW1ht7+aeRQzWFFibr7v6pw0rQa4pgWxqv8o2YCA2OE5QQtOvJPMhkWehJib96QhBBOUjfWHXxpx9OBZ/75pEoXYowGWt3oY54/Axyojka3Jg3E6GvzShZ3upfrNZ8nPjX2paEGGNYJCnnBjZjtLFNwvJBh0cJqOUFCSgEGPyhz0Qz53pt6p/Yz800/DG5OkOT3os0O9kI7duaWx9P7ilAuFreX/d6HhDQ/FT9lmh7S3iH1zSs9Byf33p6+Oon9plt6r/ACsBfX+VgfQP2v6qNUXVPtYqPYbBH4t4XqP/AAbwaKaPppZCBWBmVteS0UUsST1hiTvyzxn8a0cJ4H0wAGOJMUGOAwGDkaPygfZFTwaPx0fZvCan6KgS0Yj9eMyRJiZukXtpQUQpHZhSTv8AjY4vznIIp4nkfYdTb+np60hf5W9MVPuuilOVP5Hfc31oG8jceR4zzBAMcTpRpgsBg/A24H1G8hRB2UzU8SyyLmxe847Z4nr4t3we9QcIu+C+rS0KMjJukuJ80DDpJV6BF2pzGOthn1u+lITLcdnTw/PFeEcI+8mgrCsrA9N/ivbQg9ignbB+y/zSe0MrJ/TrzxxPsCuql60wkkn8PNBL9upFnv28UTApgZQbqwfuphbfBQl6T+eJ4xxPug0Cc7DPrihtcDu7UtCuFJXr/mhQ7ItQ6T57m9FYdw6J/vDWDwE7JPNPE+w0DqedPeKJpVHZokeISxsaxTfgaixpQZSQ7wBRGxDHZj1f1xeY+6gTj+2pfjCWlIB4zTp6x6NS4CG2+lZlqtyD2V/gS7HK8Y+yFli10ej/AGmQ6biT2qWK91HcBp/b+j1oAAgOLwn74BJbHs6+H5ohiObuix7WoIUIMl9KMcrF28F7d5q60pBsKb/trG2Q9CPwUckfdqzkbJTop/B23PemDkaIlDkPWIPVtQc0munQft+ymp+ogi+gixuv+xWfJvkTI/hEOSsfZxUUcjRzONmiYkTOJOtMVIXV1XL+Sn6sfmY5WppaP/CR/wDcj//EAC0RAQACAgEDAwMEAgIDAAAAAAEAERAhMSBAQTBRYVBxgZGhsfDR8YDBYHDh/9oACAECAQE/EP8Ah0w/8FYf+xOEmBhp6zt6cIN5sVjkP8StFPe77ggOSxOhSbXY6OVX1VDtnDmYZwJzglNrYVTh3g62vEtEow1URdu5ZPxBCe/Pp3LlzwoTkLYs2qOVwly/VJH2IVqUOj4N/rP2cchvibm/afBC91W++AKOJWeMrYuINRl0+eMVZx1XLm5WdO8HMCtRXXuIANPmWdwxV5iVKlTcv0dQ+SJnhB7o2/LAtDzFj8CBQM+aHuheDUpzuGajxqaN3xHHlMCg/HRc5lZuXLh3fON0Pj+J7GeIKGqgFr2JcvNRhPMeliHJCcB6bilDA+Ue7vDBTZuAIrp3+YFxVuvxCFLt8YF68axc5lYuX0VCFPM9/wAlUq0cQYLoSs3LnMqVK6r4xJpUTLv9pQo18xFa33m4On9uLNs7Ia+8TQCvvAjZJWrvxFttxWLzUrNw1yEPp17Iu2j9oANaIIK795cuXKlYuX9Ics3NdqwC1BG2AVu/tL85uXmvQ0Y5rmerfTeK+j/eMDF9B0heCBAp6+Ve6566xeKl+haBbFneLAwsCgJu26yQyS6bImy6/j0I5Iy5zk36Iux3jDoG1k1qHYkckc3k+hrAxzK6jDh7ROi4fQecXh6bly+hTnlQPJKOVi/CxIeHv7QKpMXLl+i5O+5wwjl9BI8EIFV7x2C+0AFt+3+YuUaitq4lTjzjmQR5SZ5n+P8A7HKKfSM13zAyYrD1ryH6xi41zTsjJKn+YX94io7Vmpvu4rKdks3Rgo/Eq3/aI9r9K+g7hnOawwxcuX183k8+0W9C/vHa78t/rLAgIichGKviXKHMIXICnCMwitlwQRZCDb/WANVfeP7xK6FigvzCrjirglinGa6GGa7RnEHN+oGa8vzElc7VHIGnUQFMay2Eu9plNGibpx7Q3rvcTVp9AU4wCLbBfd95yKUzZuCKfuYMGSV3JhUTRFXxekwp1EIeE3b4Tz5lKlt4nnl4YUW+9s1+M6npKvwR6HahI7n6TcbQePaCA4ZRPjpo7dh0iJsRFzPX7pN/joQl3/1gwHjJ1tsnLtPMVefQehFj5he9qcVuBA+8A+CMcBGHcOHD6LgfMvY9ulKtYNJOVAhdyzJqWi2nz7MVMGNo1Lsu+l6C8Iy4vzH3N3G/yriOSMvMe785I7fB7ywJx5YkoD+Kgh+xErpBs8EUAOhQb78RGm0o5yNVSSojz7xNCjSHxVRTbXpj8pEF3X4gSt5dn0HcmVA8sEcBBtuL2SxeXJvh9iALGGY89NwfkXjRQEeNRc+BqBRR0LRcG/gYFVkbC7lNsYp02M49cjlh2bCOKbMB/Q/iFRU5H3WUo/PSEHMsrbcSqTqMgNHv7wVUry6blXTVCWfzuCI6lvj8yhGNFjXiCydWj4RjCvjBGGbnM47NhGEoj4gGnDC7tMX2Df6/a4ZcBL0Pjb0oL5MEUINHQuPoKIg8ohTTlOcRK6QBaD+1BAdPvLf4hFTbOBN3G9ceYrT6JGGaxXZsI5fzyHOCTwQ/SDcj+0RvIypWdb7mRd1IR5wjs3BlXHsGzAWtXC5e0V25MBDIeIglMACiCOELhItKdW3GoeSDbqz4y589s4YRxs4inlwYuOPjGDZZhAIxlXQT5OhfZOQN8u+hPEOftGm9jx0+2CNsqJuqD7dwgp+/+cOfPbOGHURgRzuXJmg+ZwvJbugKHm8lIqwc8xXXXSfztx0PBP6h/iJbpEKnzEtUc+e2cMOu5fRX+EESzIM4lacCwOeiwPjHiDBJNH++jQOXqP42pqXDPt/pKvVBMvEW1ejz2zCMI+pZ+z0X9cO5YCVvt6KgxsRtgGvce8mLOCewhjN9XtwyqdqlOawSW/fDnntmEcPoNN18zc8MimyAf96IC/bFpPiGDpsG2twAKMYUTyYVx0O/PxBWejeoeyhNXR8YIwwdswjh9UabJRaE4YI3jwn/AHCd+Ywj9vQEnFqX0jWyc89ZGEYduZ8evrRs9po1pm4KZ4HfUPbqCTsfMcst9YwRh3adi8fgMPKp8THxjgOHa+0UrXs3ubmpf0hhjnuWEYR9NLvhq2ums12jDuUm5WH0+e1FVt6COOOycve32TKwR9cwYO9cPrkqVK9Hn03pYTNW12zCODsLzeUVGuh/D/lBKhpBCOF9oiqeg9Hbuoqre34w456t4fQvoYCxmK18ZqvfGtDjxDU7K8XBXgfrFkaOfmAQ85DF4vvUPCe0DRwqotXDPPTfZUrNHuvmOa02x3dsNx/fquV3h1Gj+YgbFNgVnJQ9oLv7TESvHVWXsKL2wANjBart9pY4/jOUCEbcYWH0A7/eVLt0E+VYKeUBMUa/iVq+ejmcZvstA7gSyNsj9YSfuf4n3l44xUqV3l6/M03/AKRNR8Qp4pX8xH98HouV23PSw78abIAaX3hxG4DcGXBhUvFYucyvRqV6FTiXgZRoI55sc/R6l4rNzmV13Lj0EZUvNQ1KsjOVfS7xXVUrqqVm81nmV9MqcS81LzcvFQKiy+ipWblfUKm5fRUqVNzc3KlSpWblyvqiSsXL9C5cuV9bqVKlTeKlSv8Ahx//xAAqEAEAAQMEAgIBBAMBAQAAAAABEQAhMRBBUWFxgSCRoTCxwfBA0fHhcP/aAAgBAQABPxD/ADYqH9ABDUf52H+VGiD9WKgqP8th/nEVDUPyBKoaj5R/kMP8UoEfAJ0QfJOyDJzdWluvD4CTE9UkF4LS4BU9TPyj5iTUf4mH+GFRGsTRSD4w1DxqY+RuFCeUEA2ZoN11YiGC4GAuvDItyIJLcWxIZLIjbYaoNSYZXtJF3U6IqPklQ/47D/BCaCNQn4omm1fgg/3bemisgReRZ8i+KVJ7IZ62fSlwnMCO8fkSipMieZlWe1c7L6wlCDhSdmT00UzkCDEaWCEQhVutyU6nVESLL0p6EizJCPoevjGiH4RSfBP8HD/ADWJoI+BSI0RIFio5Z5DaOaJyDzpPGhPQ08fsCtycLEE5pXyJJRnLhQjMfsfw7kJSJ7qx03AQzwGw60H8ZKjLmLhMw7S80QahbKwQ8Myb70C0FiW+R+bd1lvNZV1bpldENRHximkapNJqlRH6+H6wTQRqfEiNUIMC0lqjXlX+a3YQJQfGAfNIzahLbM7MBMwtqgc34KIZ2HBHdOolUtM1O1QBvs+r9LVGiPh11mxbzuqNUrGkjvSfrYfqhNY0CaCNTQMDCrtCe8E7TNR9+lSIZmUge/FRNQVM7EimFBQZmX7Q+6RCMJuU+87qyFtdSdpUcQY6V9iYGPk0dy3UyUvFn0/AKofAR8YmkpR4dEoWiG8ZjeKn/J8c8k0n4+skFWNr06lwVAibgWOhd6L0wzNkm4Ji9mtxGfkwlTExYdMPHB9HVE3EcKcE/ZLO36uH6gasB9GAuquCncSpkXkrHdjstOwntd4VflQYO3TPLf8Amom0IlPbyh2nxQgRGx8iaPkAQWyI5KOB5AyuJbrEws2BF6AkESRN9ImgYiybFDcLJxHFJCjZKLIfpTWBMnbzUSemAjsmRBs/ikCjEZK7fsbtqhl8yXe72pXzqwPA7bNBFJ2E81tuk/n1G2i82+lfvSQ7t/DL+dKwQi/kwReVilkdyA+QyaJobV0dFr9imihAZl+6eMIAYdcyCV0NBldkalU828RHUUAAAgDAaRQzIJiraXRddKlUKblOVqGlYFoiFEkxakT/AGe5m5mGUXE0Q2mEdwcmThO2i+YRAJH6/Uw/TCdQtNI5SSzrry1g3SeKdReIdpseM0UeI5UywPgPNAAcp2logiEpN5LbOAdhBt1RLaCqidnZNwydhQblOyISI8aAwCNkaTvLTlj2f076knN6YddFpbvBPaJ3mkEvWsrsl+9LlmmzAKx4bt6yJbeYUu6815UTY0qQBzSIoSoUzj9luBKeiUT5oyRAshttQjY3+zNn0KGMJDijK2/KvxJesKZVEEBkYHJCR7GlEwmSadXA86Pb2tjlcvUuDaotWWJ+BEdyO6XxYDlcKbvJsy7CqXlUPwTg6LaK5MrTvJkxhD3V0Xk0i3HkcjuUk0kaHIo7pZE70fbTVoNnuyOA/iglWNQKxuJJJCeaLJHJfwq5ywnaBEIULvihXgs6lpcA2vAHoB6pP08P0g1CkwZ5xWO6BYAMFCRubAQQ5yY7oexcsos7DPETU+cmqWMRgkNQmuSLwnotG16GKmOfCrqD6BaYmgox5jGOKdSHTDtS7hZiEnZNkxGkNGgEwwaN70eiOorULsBYJ7XjwG9MbWKN6sAQ8wtgLX58U2maooiIO8wmKcMoISbjyJQRQjZCzgbDYdDWKhTXhJ1JpLKtkuU1NiLIVwXAymKK+brBEkrbqoreNaGKgZMqbAmkG81kGgmuLKKToIFgU5zAPbVKWYu/AfaPro6XmGEhVImdQbNLIQEkHI6qe9I0okGyIpPFlVJs3yUttgvEs0uKamT8pNCfpYfohOoaL0k8dkH7uiKNmQdgEIMWc9VboIGgkAkW4sX4qFnCS4EaF5QuWpH4GCeBECyT9aXBZqdgn7tY0M1IHhjDPrSezrUR8BQYdAkQaVKRPMVzwyeqWhWUgo49RIAB47dZpzUJQmMb2F9UyVsnEZhiYB7goBWFgg3ZF1+6Wqwtx+GNBDrIOpYMoJT6miPUlZoCeQoMDyv4/wBKk6EpIFXiPZ/FJ6pI0jGJ6czxTZ6XmnzwzofuJCO4jvQKFJLYcBsnko3qwBOEBTqs05igZaa8uiD27UUMsaACAPWqfozH6ATWNA1dyzBnP6SeiYBuMCZMKjtSQCyICTKiGSyocpElDFuiCFaPwmNSQTgQJvoWiG7uyp6GgJoIrZRjZRJeEPOKnRh4sHjcdxHeonRvXcHiJ9BRaJcGMcgp4+mkwnOYShxkgUQ7Av8AiHgIouEQFJZAAKl3DxTLBfRZQCFyJ2mih9OUFUKO4QYXoibA0EYokoQJuqvgplCMaFEfwoXXbWKijoPngSJ9NOM+uJFtJlXhsjWdPMC+iswsKAhIwq4ZYpVqFvQkTcFlLc0AqLAZd5JBdOImHRJpIq9sASX/AGLbd4KlVdQ5zezYviNkqdBzAyOVQXoHy1l6IsH2gPbSdSRItwhHlemi/okORzlf/CNEnVP8AI0DUIq5PWoMifTUfwe5dpc7cE8URMZkDABRQWzQiiSgEsolMrUVXxTFkoRgJiQwlM3i5AkIi1aCWEs662C6/wAxQwWgZDmXtFfNBGoTQgLKExh+xn52UWK0oANlydpDiaFw+RS4Uk8QOVA94I5PMxe1aKDLGOWj+z60PFiYkGH7RNxSpnhYS/YB1k3KOghAZ+hq50VNPK1POkJQM8q4RYvvR7MMgaADgDRHwdDaGbIAcICXJhvRALc2XeP6julohgMs0tGqDA+ASebc4oqAsERe7N1903mjHsu7Nlbmx6wboEglxGRq+MAkl/2Lbd4q4gValuU3X/ltUjTNJGiaZpI/WDQJ1DQJpy7UwOaccjZpuCKx3jleZt20GY8L0gygd2o8eCQNyInxD6pqcZzAQXgS4uOZlqAygiD5DZPzZLaBNRFK1EJ7pYAujYCVcUCSZMBvMyMbXi76GoVdehwkCSmh0qCzfbDxf96U78OY7AX7RQECSJIlW+FYuxYVEAkRNME71k5hw90HFUqA8FWS/UZecV7KGHQJAMAGCsVJzoCm5J8paQBkPpSA+qVMqCWvOz7pvWyuVMHCN4k31Oh/HiiWRHJQwDy1qiN/Mc4FyoYRDugstuv/AC2iapGjem2iaJP6oTqEaDUINOTFJ2261eVKKgOGx7oZAAMBjS2RikH+p42eFKuBBIg+Q2f+lk0X55fGw4AbrwCwUkjrxgTu8PLu5CwRNJiVZId0hxC8V25Du0plLM3rp1unWUqIhWKKiSReymzbfqGpBJSigiZTzQEpFHiQYZlWLgZzag+QZiE8K/bRFdWcn0X8VPdrn+DROUO3+7pwjMN7Sv0FWKziOTEMVugRmiBPZE45T3SPwr2gSqAlC4UwyUxwgN+Su/jUPuhKpt+FMuDfe9JooyRpEexNU0RbaYKIRNyj9cmSuE57nnyqaTVI0GyqTl28rsAjb3S491mFLJcC57jRI0H6gRoGgTqEaBOoahFCxU9xP/Au4pT4IvcIELSZgjGd6ErcuvLXYYBAMGi94rXYg9fk0QiDDNR1/wAwQgLON1f96pEQSc3oafhAUKlkRM0jRZAz9pn5CUc0Y+8vczduvGOqefCAzlvswQ47KjDgyIGekC5LJ+KW09kSEQgbQxSHRvQvBf8AOCAoCYYdqkcepLMD9SPAUmsTSRUSSKoSVXaMztFJehkBnKwCypsmCadoUwG8KB6KMNSZr8wH6pMYhbLt/GW6M0bBDsg3ETJUXCZNA5jA7A7qZe+EyPS+JGxp+Ha8IS3qoZ9jn4AsaONMlNv0g0CdSxoNM1EaBpmgjSXJ62bZJc2DMARdFzz6dJulhMBfqjGjngcd1t4QfdZdjQjOAiEgTsVvBW9PlvAu8d0IxzQQuxvbUpDNJG6M3CigkQ2Ak9M/ov0wNayPr7qF3GArIBSCJhzRH8JQuy8AJ4UmmTtJicjFwCLLd3o/xJsN4nvQ3pI1Zo7KHcXRS3LqnbYpyrGhCUzGrv3Zk7YJaADFkxtRi6EkDKWIyKNoEQUfVuUVcpddrSSapGiRoP0gg0DQaBOoRoE6nSloicww7QUKF5x/aPusQGC+ALjK4KAVxRozBINjhP2FuroE0EVHQCfYADMLdAdnSwWfGIQowGOqLfwsjgRZIF96BeJlAieQDD4RvQQfohod31setjsKbJZPTawlzF9bVokPQRlujAlXYvRvMEI/eFPqKSNUivxpwBL+1NUVTyy/eh7lbKIAN3RkT1JEBAaORrZ2BQ5IL0oe9U0TRuapD+gGgT8QjQaBNY0hfxeSJZG4B7QG9ACQplC6iwYDyBUMdv7kOAMS2TarzIfoNxCJGzeyJSjgp2BkgbAv5GgnU3QI2RMlMNxEOcZEvIOquMv/ANIfvUelpHqIoeKB9GLO2AqJvR1wx/dM08IMJ/LfinFM2/iWitGN1/eqpzaE1IW5ED5j+SuKWj+8h7isMBiN7Kk7VGiEmK9d+iPM1KheQTuQVdW1li6lH2KYoREJ7gW6j2tRGjqNRgm+JD+aYWlOUBPsaB7Af64HISSTsp9fGUwS3GXdpg6gIpMMBlh2SnZK4BEIyuxLu8UniNcoufiasA40SaiNEj4E/QCD4BQDGEqNrr952N6cEbYB43+Zq6spjM+d1TPoBAnILvg+q8U+Nb7Z/DtoEaCgnU1G2I/E1G697WXBMLImL4mlbXiBnMzNr7UgF0AFq2ZWGTxUBLBW0DPwvzUFLhm1y4bB836o6lU1sSxsMIVE0mscF2RpQ8wWlTFslm6h5qXWushMAgmKJuVY5JzRYUiGkkoSt4nxpDpyRZYmCjpKEpHW3L4SjBcTjve8w8UE2LTDw8PT800hzNtxnAXf43p0TiC3mPYbgCl29qax4yrAW5sPqkBh8SayV1zBmqUSGdSJsbfvSTSLxaA6RPPSsVjh0kXD+0y/mjBYTg8pX3QaQsfjplINAXkYrD0emiB7kBaJJq/IzoX1IKShxvFN3oabRFiVP2Ng2tTt5yqg9lsfwxNGdqBMBILFm4pHFApPmrW2Q2fU0BiRNw3t7B/3QPEGSCETyOhogExMrII3YCH8qkCbU4M7Ds2bKb1EzEwNkXEdrEyZqb/NW5KRN1i1jmgUlnADBNlnwJ8kSALq7VFvJghXRkA3saDJQ9WBokgEILtCA8Tp0sDl+qnhvCSnn9g9tC2vTpIDABvo4opChMoTBG1k0imbFcZA+z3UQu1gJzexEwxO1QLC44FBNM6UOwDETARHibUxgFNDjJdnn4jlRz9kADtaVQuRYXZ/D4KBT90rLbogNgrdBcZbJsG41KAj0lguxzL1SzxkaOEblKMGFvGAmg9NLYAzFqqV4bFHBMXAP7mpu/LmAYRuAV4jelUOmymVWixSSJMuYvLxWU/DP3L9kO6fr+TZyQSbFy6Jc3hNOGg+XAyHKPMuiaD5D4AvSZAbOU6CC+QUzJCFiLOzZomOF58TmSkBIEkzQzFWJt3nCkFizmabkiLxoACNIk5olXmwQkBfY1rkSUGBZRt3MXfigoaj2bo3ZtMHVEQABgPi4QASrTlrQxZCCmSZBgeTNTEMRBKRJKJvHlSDSLC5YQQhg93p+Rnm2YkgGx+5U7s0kUGVZm7SlRmUgAZMQtGagkCwJUWx5akNQX4JkFwXYYqaXehSWJYIiOqceKFAHM4OXajKZBigRK5XugaVDpN3cXiU5xQcwbzKJ6rijO1S7gHcZ2RmkiaShZlElRJRb/01YWC5z2a4UiQSZEsYytx6janAjug0GNpzfK8xUBWX6IZuCcvRS+IsP5wCfVNPQRK4EgvQ1i2th+lGmga5Jb6FRbfOK57hJ6nGgiRLizD/AEL7ooAS+JWDEYUXY5IqR4lgWxIAlLAlmYqR1t9OEC7siN9hoOBcmP8ASSgCIIZ6/wCWjjRx8jGhjQxTeHgMnSSdwJGJd1w7js+yjhCUL3TJumCV04ULAFkAbtZlfYvO9YowKJZoESZFxR3imn7NWxUT5mVyIw9Q/RoI+aO/NN3jVlKhIAE3FkRN2j3j2bTSxzZVqK/eQsQh6Duk5EEyIyNJ4O+iAu3EoW4Wn7MZCgMjctvTkLVLsBBsTTCCML2wPwHF6eEuV9NxyWnaApTBK6EwwpdXOEoyAIAMGs1ASVaYccDo3q5hxOeMlqI64MAGADFYyQEXJDoBK7BzFPK5lt6wH5d1phakG3aS0uKQc6FR54gI3aBYAIk4RvDfYXMQjCMISI4aHNXcS3RPLQDiDwwJIglfRUrkbJw+AWeQxRl8N+nK/wAbsFL2EoJJRGJVtWBxLIKRu2tsxiiAr8GLJWZmW+goesJOCSw6mgmMgTzH/DV0bPyzpnRMA2Mun42elpoMQoQb/wDd9MD1oMnAwOkSoj7sM5hAXdiWhwWEWbdPLgOWsYcZBAH0U1kREEJ1EPukJG4G9qw6i0FMAf1B96iOlLMwBJKCNyXw5olwN2EcpEl38xZUf9SlllvOgZbPCAdpxPdCCIatLAe5mn4FoOUtGRZKJMzRA28QFvMCkqkzAmr6IDtHhO0hMbTT5r7BQSfBsqHgjKgMQDmcrt3SywMsSCMi2Vtp2oYrQBAHAfFZD+E7oZ+AyTJqwLyEGi0gwyaTBbBG/wBFTxnLbMBu3gcsGd+M9cEHZlueZJS0EuzYkT0lG4asUNsgQks9Km4RUBIRJPRpa2kKaFHN/uppuMWZgXYCrz1Sp1Ew7caIRDaPFH8F8x3elxFKhPt0mws7A7OTNeQOdHOjn5MtMtMtDNRjm7QGNk7yfikIRZI/Cz2VclkTT9UAqqMVe6FmfSoDCFxg/wDiMG1F3WKMSZBK8gy3Ys4ume0nxKjwAbAfJQpj8R8AXiU+vgYEFghATxdjNQGK2LLeKs8oiyCvzJfV7yAjfiywIpf8Viw5IkEVmLCZte1EjkgGPxWabVM/G+E3n8fA20WXIb949VIcb87ZAptNACVSUJExOYk+6h14ayJdyJIlMOcZoAF3ewUWaKJ3Av50ChbgtIujmmx52JjZe7JztQiQ5AO2A+mibcxCHtBSQXPQjEHJLyUUWoIbAHwYaYfrAG+g31doAIKQ2QsCIGNw+w+aOR2dGD7RQnNYLKyFfo+viWCWFAlLK0ZsdVZJelbvAJGS2cTrBaJyBiMkUshJwQwCtg81GODO0ykAMxi3ukoFAQhUx2IkdUNjq+jkAEK8Wb5q6evYy1ji1uvjPtt+Q/r8DhCIzEqvQqnvhSn3TlqM35pWEwBk+hEUs1SXkw/0JowXhJXx/tdgmpehSWR9hMdRoWxjDlMvr7tHGmYPXhCVpqbMP2oR9NYoAXX6/wANHGjf5GNDGhjQwaGNDGhiligAWgJfA/8AE3nFRKFoqbYDwAoI4QRK2k194qbdCErlLw5Gdkoywt1OE2RsjhPjLAthlNf5KHGt637XzDHfwGg7DFmQuCd8+Kcv4ojFyIh9q3NfN1p5jWY0NgZFAYlUiL0Sl73tLJynwVNS4UpWFMCSZh4ovMkAQYbMsz5Ux5OjIDFIlTg8jk+XTJ+C6ghkrIjkp4ar8LtZOII52o4EYujwH5KeZkJ+el30qxmpanOyHdXei2t7s37oudAFwisRnp/ltyiIuWwPpDoqPqNo5gQ1DfwC4oCndb7UoNQ5dY/IVzxgQCIiSJ+gY+BEnnzIIFNzhkdPCph+cUdBRNeEsN8oUeyJeUMqu6t2hlkyBY0EqAtcomTT4zLKlCG8k0VegaJdwnZN6SAodYdp7WO/NDPwZGZkCAVssHunGw4WxH4TU201mABIT3b7oyNVgw3TTPgoQmmApgdhIb0wZyllefg+8oCVWwFWh5DgECd3nbRm5J8D1Q9sZPFlcmlbcy04xWZMS2hU00I2Ukmsw6KBbM7EJLvFHsEHkfepmuyg/CKAYKgL4poIQ4vQZPdRSXpMb+RWmVAi4CaWvchZ7D5Lu1okEz0Y6RYJKSdoSgKl4+zSadZyQAp9SeRpzo50c6GdDOhmlIkqSwDwkhE7LG9XqEPsM4dEeXuoP734ok/vfVf07+KEf631X9O/ihH+t9U6dggLImLYoHCSmuBMnDTehxFlvtf5ZeKZwV0ACoeSopzLuni/mKQZ5i+JpIAVNhuExC+EzZV5sgcYPfVOpro5pQ6qSCO05S7WDSXwDiC6WH0j6oVvyVkosSexn4yOpcRJP1D4i83QQjFkdkYaUEL0ScC+yZ3Eq9LhBTBHP8ZqYuZMmFm9ltQ3xNzoButCJUgxtzHJDRzfCDB+JbX3plYVmAsP38rTgjKZaELygIvNS+uMCXZwEkvu80f0b9qX9F+1IV5BlgM7bvVKP734ofaW0ziLZqcpzNE1ZJ03YkiDsjujyWDVrgmPgsNHBg68CJQSRbM7UZiQmdJoZOPNWdn02X+PiHOhnQzoZpZKynm2ScPdMWCAp7Ky+9DNRWWmVXyhXlojUx6Uso7Unms32oUiyx1hlAkbIlmihmDvABJgCjE04wmcSkbzELQAPDTRGLbqeIH7p8BquDYZhyQ6LfWhJGQYydUHOYlQgondQTtqPyoJshoGGXqpqirScrpeoxik6AIw2AIPvFImkxhyyYp9Ez6osxAMI4fjdK7wUKFFQwx2oG9otlCB7vvQ3z15mh9KC5nPxC05uvV3sqWRDG7Io6QwkIyBuYeqIbBvoH8fJqIEoENv3QdHFTTigZXEhpW4xSz1TwMeVTzqCFuu4jMZpofA7i7csZxG1LOuLwwsjExiWlcACFkinkeKSEiVAAB9VHfzBnQzpl8GWmWolSHYJRVzioTzA/mpm/QI24txy5zicVN1FrCQjgeKSnRkbIjBKZFAmjcX/QW5SmEOZb3Tur/rFDBiyxTZGWJLEvmnz/EHtAQDwNCvGB6Z0WUlHBr/AC6ryqfSLCxhJPqr0JtuFsabEYlj1Sx6InQeSRfzULqika8KZtv1U1NsCkgWnhkDDmj+/WNxMAfVBevsKWMmq+VX4i2DdfxSTGCu6zRSGKwhhHZpvCVKVbq02ismBE+wHpodz9sSuAILQgAx8AZQAlVxTgdRA2Riy8HzTNkVlEeAn6q9N2oKhAAESNm1D+abe3EzTjRxorOoSw57jvs35FHsIFo9IdmhtyoASrQVbRxLi192G74yBAACANtWGmzQzplpl+gMNJpIR+H2uX70DJIwpntKjJ/zg7gmYek0YY0AQB1S138gEiO0g8UnjCMjIJVMTKFCflSCiJZTimFcWojRmMBQG0yDkUYoppenRl/QpGTjsiMJpjFs3IzUR2ZAjScI2+E7uFbJAj0fBOXZBlmXsV+zUCEOLkCHKn7fAIj6kGdOFLeo3oyOBZpAZ7oUhrA1WCc0IABGkCRTEkdCN2ne9DzeioAQJ/LKVMY/kZByOE8UKZztlRwiYOl9qEZGNHGjikKn+AJLVNi1n8YUzRoE/Dqeqw0w0w0w0M6ZaZfoDDRzKzxYK/J9mhijDm6WWu9DHooxTS0lFr4eT6KgcweoEP8AMQigpEIvQaCiSm6OK2bo/QEvYaRNI+kIFhv4LvA13z+8Rv5MjV7pjzqXe2rpUbvbATHHwOwlJ5QD7az5KzYWQ2BWniUpRyasggyIwjTrLrd8TtwCLcr8HDcFJYmJSiUeoHqr03PmgQXQJZlmv4zWKrAhh1H2K2qLtlSJ1TyIE+UdHGjjRxphphphphoZ0y0y/QGGiwSO5c/qcaYVmDIMghPqajvIKZkI+qli+K2EurYNxp8YJj9AzI+JO6iAMWLy5PoaPhMSEzBbGWDeZdQErrspL+It5imjiChRkTV8w1DeVnskowR4riJJo9hucC2DYCD4CuCXlVvpPrQjo4dlFkObVejvcmCW7MtJUrK6tNWIuj+ZL9DRACAID4GWclNojJypF7g+6TmFJ3YIdoAeCpcOcI6r3u4kkIbQGxzSCU2LrU2Uq8wmNcuQ9USc8GP2U40caYaYaYaYaYaGdMtMvgy0y+B20uCVKLtYKAdHOyISOpTCEHaUD8Hzvv4Y0xAFoZNBJU9K02bjxu780kaGaedpEYAL+wemhXXFiwuwKbVlgEcSyHog+AsLIDIKn1M+qAAZG40XUFlO6fKCH3TdaptqIoBdWeum8Dbur289gYlOLrsWpxQ4qoCQWxIpwDUL5wLqfRsHBqJVsc0ZkxSSUScCfQECGYCOgOzS7h3bSKGRMZKvyDZZYfVZph5h8Dp5QIKxtvYLPFcU9OPxEPTTenCAD2LFaTZwD60H3oAwJrAt4ogFVP5ovbTMiGjIqEkZLVhph8GGmGhnQzoZ0M6GdMtMtD5OMwiQlMXUpXAEczecjWWkLgP3Z5F6DegUZqUiEietNiyKBTjQYpktsIuGKvN46a3oie51cREKVEInip53xLq/4vRo3UzUCbxZgjvxSRQmN0sCse5fVI6LOrwS9yVCSfVZfCIcxe9JEEswtCisH1S+UqEqrdacPVq8hBfOA+6DwPDBgoC1EAU/GqQvhQ5ixQRqw8LAWQZiCHbxUpRsMu7O0Sjae9BUAGyNSEBRQjtOOSQHNNTZbT6v+9LOPLnVz9gPFE/mPOwAYKcaONB9DkpSKK4I52Qouy4UcJFiQLN7RFWfpAZ0M6GdDOhnQzoZ0M0tsxOVfiR7kay0AgQhHcp2ad4Fg9zLy70JdKmjH5TiWIWlwcQ4/G+V+S0vVSkAhBiTO1TBwleWJN7XbGA+DGqlEsiNE2jkck5QX1YbTV/McKzhWyTvuVgSCcMD2Ke6SOyUW0hueOKc/N8Q4u02F/uptLzqjbBLtE1P8xf/AF+CJAJVYAoToBzmzovP5XTjyZ3hARoBVQAlWmnqwOCw/HI7/LGz9QDnXP6knNDSDN5QAHYr1QIAm33oSSO4jvU2qV0EkSTZTY9o6mn7PrS+JuGNF4gSopIhKRYbo2RkTZI1aymKViIGy7A7MIUXpPGOybC+4diGohRMxkghf1fu7pCKGCYnP+0O6ueOItoHJlyRNJrNRKPDIWv8n7ZiQPJweWhHYzyBZQbHqfJWCfEQ8rle34IM0a1OuAcsZODBZdaDvECgBgDUTjEoRsNS+QZuFLdGXREAdhBi0MhRKnOjnTLRzo50c6OdHOjnUxoY0MaGNDGi+nNwLdp81CCo8k2D99mKSLbr0/NqXCBKicM59RV43D8Wbrm6XpanwxkoABdglA37KgITdkIebg8T5KkzLYvuEbp5b0h2p/uFFg6LZ4v3wM6JNOc4HlSkZfOVc3FpkDpwntyNk7kPgl2o7/gRWfulnbcM/GH8tMovideg/dUEH5EUFA/P7NVCgN0Y9h+1cuiD+Mfc1hoMYvRQBkPgsU9qO8iyt9mHvYF4jiw/l5d9QBRLulBd0Q/OCjoXZmzDeKzlnJUbk4AT01KUlm1O3O+XwK/I2AurJ0kdlqdXP6Tn9cCPyC+QvQw5HFOYISoDCAFCG8bNEpKhIBewMosAi1YPpAsogJgkSD1d/wCQFyVCNzbipPScFol2wAhFnNCiYC0uNwV+AbatTkZKiEaiz9UxbvDnhA4anqlAEG6OG3fkhBLRFkKkbvLuuzsujPyNEAurgpMM2QT1R6QXWH+z81PyLn5VqG9kWeONleUbULpq5nBtgNV6djAiVXihksgIWQswNgbpFkKCNMKvqyKVnIwnqkbBNqH0284PbNCpehXkZEyJw3pxo40caONHH6Ch0y0y0M6GdJCZon/gAVKH0VE/BQXanVSGAX1Yi+KJ4hUWswEkto3om0iB2ivwaRdbw2Zf7KwRgGJWUeWJNgbLV+m4kJhDIGRG4iaziwMwVsQf9Nml0nxof6hbfXSNZ1iBixYTAciNxLm1HrohGYECSUFva8t6SPbhIREtODG58Le2Mq4e6/27VL44Q4Ui65m3AVm+acVMsd0l6G+qJTgbV8H25oZB1RlTF5QY7Xh8uCqbJo2QF7j3tpDCoCNXM/KBEqrgKu2lQqyR1xIX4K1AARqs6N6XxdEgcAcHoMbRUoxQCvlefJkUPCOVSJyNLRaL4HGmH6ZoYovK0i0bzLKg4SEFphS8q1IWRVHCCwPOlZNZagN3qtV+iwEA0NywzSWh8oQgH3PdRNJBCDka0JusDxtkf0RKQOEdQJdiAY2A/JIyKUxjVrTY4tXecyJCdFZqB8bcJlqFEYmSAmWo51vgP97zvq4pEVomxSOYQ6vUPxssC6jg39DeFncRroRkvIxQWypnJgULnaJqCqEcj/4DbZEprKgJYsna09zVvMUpXALL6pmHHCB7kwcSjzSySmX1gn7AqE+uCG6C3wPYUvAf+uIof8AJIyPbd7b7B5AJYfHAPRjFGEgUmFyGyaLosGjSTm80YdF2Ded55h3QWloMx4sC9MdNHOjnRzplpl8TGhjQx8RQZceQSB7HCbncUdoKAszpvjJuGgKwEtF1c8QXCVzkuduaIMYAgA2KKDwqBIjkShQOukyy7N5LK0QAIyJImplUg0jwnCZEuOKGmzidkCuPG3cuoCehc/IlPLMrkRzkwyBvcmVHsKAQAYD4OK33yOJt+IreQQaWZ8ie6AQplQlm4GJ3q5ZQHkhNomkrQnKRL9L33T7GWZeUgmIZjqtoOT9kL20EfEzvqABymx7sHc2pnfzStyH6C2yTIQaO4iAyDfQNtmG1XsEKLBMhsmqy/EEbsAA7Gs6A37DslPYbCKd4eSFzGzsTuljRt8W/xWmWhnQ0xpl6s59NTVhL+y4eqnQ4VQ5FMPigAAgNtFon89xyEN5uG7oFJK7CMvA5nj4LIaPMaUSJyNTFICrAc1sWyBWhIsLKBdTiPD5bKAIlECLKgpJW3xDimmTQLCRxI7L8VOhhPSHATBz9zUD7XQDvCX9hUCdmM4jN4S8hit6S5VsBsGAMFLpEBCUk7CHufiyMgghXAcrsF2r3/gTEhtqYDJnJS4rx5ylydYMAFIyyFTdEy0IIiOE1ZmCAzBvoG2zDajCIKRBchsn9tS08A8gH5pSc/wClBoAkZHfRzot6Po3DXhBCuxKKnZAQWBcJggMMy0PgFGxEEFpwY41ONHHyLPxGdB+AY0LawTBCS/719jwCiqRjkrym7+CAICKdwweQORNykwtmYLKGT9zkRRJCbABZbINm0yRzDYGVU/En2k0aCmYb7DRpO+kmwgUSJko7ImsOKWQcPYf6Sz8ozonEmTsP/KmxcoJsgX6m3C6LLiRs6C9RgkiEF9kRk+3FBAFAyBKkAUAaKGTMyiPRak3RPhyJ9oinw20x/phXugNMsfmwgDo0ySEPOJNgd5LRmkjNLL+VXfdIBEEdkpjRoc7DXfWXG9CgsohMIbBkTql0SRADIP8AQNtmG1ARM8/LEDCrSWmlvnKmPGAdBQJEGRM0xoxMg3CWfNFWkyjl3c3XD6Y0WNYOZypJkoku55YogARsN1Vuq3Vu0s6LovzGT5Aw6zOhSaGozBQ0v+99i8ApPV45L8pu29WCAChnQW6Y7Aq/RUDCKE2yDeAl3b0uCbgE0hvE0oBZThHJYb8zFSDlrCuUDoE+aztAGzFE5mfRx80QkshI1GlMMApIXkUfNNwzZUnyhLrJA0YJWC7Die6Np/IbIxZJCTM+6u9qUqvLBd7dElqAhSpdkXuKcuARBWLAsHRTGDWfITElqO6w8UeQQCTWLsScFTm/AhiUHk3teAy01dJraPZ5Z1sZvvgGB2WQeXiiS9RToAUVz31T0gGAGERbNf2b+aSz7j6hAS4MuxSUx5oCY5wn8NeFanBh7Jil0XRbaNv0hvoMOmKMaDo/50WIlV4ph4IKnyDInjyMU1Nsz38mKQyMykOGUjxD3UAyIraEhWYHtzEohVM5L8py/REEAGgxQzUjkcHFz8TT/wAQOVOAKHFyjWSyx5oTiKkhFlRZARjNILGHWboFI3TjNSuxseaTH6AI1QclOWEpzAEnmL7UWNIqmIQxN/sKnJCjsUNwb4tRDZXsclglj/1msOB4e2EN8X2qE0olMbFXloPH+m8VtSzS9l1YJS/NXLdMEQRMNEyVIgnAGDwbTtSMam5MHM3kszNS9Xs79j4mMHqa/rOVMMaBeifGsumWi/RLmg6DoMaJROFRGQ/UoOqHuSFbJH558hvTVe2T+VNp8vmlInCJtiPE8yeM1YBmYTT9S55KPwXtHQOgPqhnQYoOz9boR9NHJBDJZBWzYHxzia2ApGsoDyWl8ZsjVbkik5iaukXLIswgHuJp8v3rcBMVi4SKgzt8B8CI7kd/oAj4HbFAZUPxlAsMLdEj+aJS8mg7XFQh50SNiyVE1L5puUZEkQ/Zou/SHILJuO+9NbYowcIwaR3MJQEyG+1OiGBBAQ6AS5Dal0bqbL1CHr91PPrndDcCNTCYEfvZnJAu79g0OA7vcgrDhUvLJixKcXZdl07/AKzlTsysd1C+zSui6NjVv+iN9C2ozoNXBxEvaP3aclQIgYoli+P3qaK8ncQH2E01OIQKJcR3H1WfqRYlelPVNi3t5DRoBnSYpmRF8tbvdhyTvimAoBfeC77moATwC9P54Vg5Fu+It2UsruIl2/Y2LU64UAPJJbyUIh7HoF0OqyQg3WysSBAHZZS5uW8oF7rKKLzFzPEzWER8NToCm1TTs4ycHtrJyRH6f8FIwBwJPMz6OljZV2SGI9x/FCYvIuwl3wUBGIgAgCkLIrTfXbJuNlvIzKcghePZJc7JKCJWQORwBdqN9DDkJTdXLgtKDDBJ5YkH7u676YpmMecrLPLYHhN6m8x0zTCIjc18aJzJKAsPZIqbxSEhv1D7UN66vWSAP2pdZnRb6L9MZ0HQtq7pIJaSz8sViAJjRnzkUR2vNGDqJojCS0yP3Rm4QBhN5lgtuFPBBOSS25Z92jXO8xPUYetR1t4MTI+mrq5mNfuKAEBBxWNCyUGWE7E3jpd7qHFCA8ie+ykKH8EfRK+m8f0qmCJYZAJut6gx4H9uV/Qk+zTCir85b+aCimDj6KgrER2Vp/o+tUV0Aon6a7RuX7Cj4B1FgxPSSulS2iRjlhexE9VMUs6OLp5EFN76eqRMkCXwMr00IfWBavqmwwLJcl2OCOylqBiAjbdGw/LesU30XRYP1hh1GdB0GRsqTImwYR6q4xFY4AV2bv22FcuOqXsENeAJad9xLOCpZGwxnOKHUdZj4L6yictD9iiWhmbAg/bUkoJks3gldeKHAhA4IxNmd6EVQEAvIDyQlBlCIWwiWTUmaYvYBPW8SWgCRk50UKWdQabBkoGGUCTaDu0yCk6EDE7iIj3osaMzNkJGuqfs/tqs6Lqs6L+qOgxqOmREkbQ0iS8v/lZV1Lyf0ChjUY1GKnXGhw6SC3O35HqvWpjHn4AStK8RzSSwDwF7fFWntjkApIkSSCCctXXyGchwDdATiL1IKJEwpLyGOVzRjUNyW88rjJBblniox0JgkpwJBMYqdVilmpx1syCBLiDHdsVLMimBwLNgAPt3pdV1WdFim+i0WP1xnQdRnQYrOgxrMfAMUM6IOuGcsQZAFjeIp9CEcWVAhGHeYCoUbCSpaJHYmGcKkL4JQwuhh9Ujp8MNiYB7WjC27waCwuMWM75oclCI4/sp1JaYQi3M5DcMFkSrQQEaDEoA6AaTTqmlnVdVnRtSzourf9cYrOg6jOgxQzoMUM6lJnWaT8ky8SPY7bklAlY3bJDVBiQzQQRtqKQBEcJREYgk26m1w7IeaMwWGFYTWHZPdAhzHRsLKw226plVIZuoySWciu58i/B1YpZ1WdVnRY1Wf8EY1HUZ0mKGdT4BqZ1xU1OiaHWMBes79068JjjxI/NOZPAEcxC9jQEABABY1JfhNPCp1XXFLOixSzosVOi/4YxqcqQblRbK5RSW9Ib6CVIVBxXip66T4pConFFS2EpPJUDeoc1HmmGKF1PKoaLrTyqFAczXioFRoE7VDqhOKOIo6q6SpaE/7oS70LvXcVM76L/iyxUtGdOidikPNchrtUlvS3NditlNI0/1Ke6ntp52nvpky08j9Uru/VdjXc/VJbtCbtHdVrevfQplo7vqgN/xRyNAytHO0d1bia7dD3fqhea5bXao5mkc1zmgbtblaBvWN/8AHlqWpq0YPqoOFLbK6FK7KX2fGSJb4oO3/rr+9r+9r+tr+9qf/wB6H+tr+tpfTQv/AH8aTupUGyuloulQGyoOH1VuD6rwKlUtS1L/APX/AP/Z\"></h2><p>物联网（IoT）预计在2020年市场价值将达到2万亿美元 ，其中超过204亿个连接的“终端”正在使用中。 虽然物联网正在创造各种经济机会，但物联网的多样性使得架构师难以对其进行架构和管理。</p><p><br></p><p><span style=\"color: rgb(33, 33, 33);\">“IAM将很快成为每个物联网解决方案中不可或缺的一部分。”</span></p><p><br></p><p><span style=\"color: rgb(33, 33, 33);\">用户，设备，物联网网关，应用程序和服务都可以在物联网解决方案中发挥作用，它们都需要身份才能形成安全可靠的物联网。</span></p><p><span style=\"color: rgb(33, 33, 33);\">Gartner研究总监Saniye Burcu Alaybeyi表示，身份和访问管理（IAM）对于有效的物联网解决方案至关重要。 阿莱贝伊女士进一步补充说，IAM很快就会成为每个物联网解决方案中不可或缺的一部分，这就是原因。</span></p><p>以下的三个因素推动了在物联网中的身份，访问权限以及属性关联。</p><p><br></p><h2>物联网平台需要支持IAM</h2><p>与IAM供应商相反，物联网平台供应商通常更少关注维护隐私和提供所需的身份验证，而缺乏管理用户身份的概念。</p><p>“然而，这种趋势正在发生变化，”阿莱贝伊女士说。 “技术和服务提供商的几个物联网平台产品经理已开始将各种设备身份和访问技术整合到物联网平台中，以简化物联网部署中的安全设计。这种情况加速了IAM在各种物联网细分市场的采用。“</p><h2><br></h2><h2>传统的IAM不会让物联网成为现实</h2><p>为了支持物联网，IAM平台需要处理数十亿设备和相关身份，策略以及他们都需要拥有的关系。为实现这一目标，许多供应商已经提供了可扩展的运行时访问（scalable runtime access），以确保高事务率和亚秒级延迟的安全身份验证和授权。</p><p><span style=\"color: rgb(33, 33, 33);\">展望未来，供应商必须考虑减少存储空间，管理结构化和非结构化数据及其属性，并继续改进对云部署和内部部署的支持。供应商还必须考虑利用物联网设备生成的数据，因为这些数据也可以用作授权决策的基础。</span></p><p><br></p><h2>物联网需要设备嵌入式身份验证</h2><p>大多数物联网设备制造商和平台提供商都没有能力满足身份验证需求（设计和嵌入安全控制，包括设备身份验证，设备固件），以及内部技术，技能，专用的各种物联网身份验证用例的绝对数量资源和服务。因此，他们会和少数的在某些独到领域的身份访问提供商进行合作。</p><p>虽然行业中的认证标准需要几年时间才能确立在市场中的位置，但认证提供商和物联网设备制造商必须通过限制专有定制的机会来促进行业利益，从而强调推广行业特定标准和消费者。</p>','https://www.gartner.com/smarterwithgartner/3-market-forces-drive-adoption-of-identity-and-access-management-in-iot/',8);
/*!40000 ALTER TABLE `art_content` ENABLE KEYS */;
UNLOCK TABLES;

--
-- Table structure for table `art_content_image_url_list`
--

DROP TABLE IF EXISTS `art_content_image_url_list`;
/*!40101 SET @saved_cs_client     = @@character_set_client */;
/*!40101 SET character_set_client = utf8 */;
CREATE TABLE `art_content_image_url_list` (
  `art_content_id` bigint(20) NOT NULL,
  `image_url_list` varchar(255) DEFAULT NULL,
  KEY `FKod884ajst4hdm7i9ubxf0hpit` (`art_content_id`)
) ENGINE=MyISAM DEFAULT CHARSET=latin1;
/*!40101 SET character_set_client = @saved_cs_client */;

--
-- Dumping data for table `art_content_image_url_list`
--

LOCK TABLES `art_content_image_url_list` WRITE;
/*!40000 ALTER TABLE `art_content_image_url_list` DISABLE KEYS */;
/*!40000 ALTER TABLE `art_content_image_url_list` ENABLE KEYS */;
UNLOCK TABLES;

--
-- Table structure for table `hibernate_sequence`
--

DROP TABLE IF EXISTS `hibernate_sequence`;
/*!40101 SET @saved_cs_client     = @@character_set_client */;
/*!40101 SET character_set_client = utf8 */;
CREATE TABLE `hibernate_sequence` (
  `next_val` bigint(20) DEFAULT NULL
) ENGINE=MyISAM DEFAULT CHARSET=latin1;
/*!40101 SET character_set_client = @saved_cs_client */;

--
-- Dumping data for table `hibernate_sequence`
--

LOCK TABLES `hibernate_sequence` WRITE;
/*!40000 ALTER TABLE `hibernate_sequence` DISABLE KEYS */;
INSERT INTO `hibernate_sequence` VALUES (9),(9),(9),(9);
/*!40000 ALTER TABLE `hibernate_sequence` ENABLE KEYS */;
UNLOCK TABLES;

--
-- Table structure for table `image`
--

DROP TABLE IF EXISTS `image`;
/*!40101 SET @saved_cs_client     = @@character_set_client */;
/*!40101 SET character_set_client = utf8 */;
CREATE TABLE `image` (
  `id` bigint(20) NOT NULL AUTO_INCREMENT,
  `file_name` varchar(255) DEFAULT NULL,
  `path` varchar(255) DEFAULT NULL,
  `url` varchar(255) DEFAULT NULL,
  `art_id` bigint(20) DEFAULT NULL,
  PRIMARY KEY (`id`),
  KEY `FKo0a2i62o5n0nidemgujtg2h5a` (`art_id`)
) ENGINE=MyISAM AUTO_INCREMENT=8 DEFAULT CHARSET=latin1;
/*!40101 SET character_set_client = @saved_cs_client */;

--
-- Dumping data for table `image`
--

LOCK TABLES `image` WRITE;
/*!40000 ALTER TABLE `image` DISABLE KEYS */;
INSERT INTO `image` VALUES (2,'732db6d6-403b-41f6-b19a-6302791f7e98.png','C:/projects/anquanjuzi/images',NULL,3),(3,'251f9a8d-9f78-4cfa-9a80-e9da7ef02a50.png','C:/projects/anquanjuzi/images',NULL,4),(4,'a2afa8b7-50ed-41c9-8c53-b0d106f409dc.png','C:/projects/anquanjuzi/images',NULL,5),(5,'252a0534-7ce7-49be-8805-fa9fe3364147.png','C:/projects/anquanjuzi/images',NULL,6),(6,'9026499a-abbf-42ae-b92b-b7b19f5acd85.png','C:/projects/anquanjuzi/images',NULL,7),(7,'234ca293-b167-48c2-b378-e3fb0fa1ae5f.png','C:/projects/anquanjuzi/images',NULL,8);
/*!40000 ALTER TABLE `image` ENABLE KEYS */;
UNLOCK TABLES;

--
-- Table structure for table `message`
--

DROP TABLE IF EXISTS `message`;
/*!40101 SET @saved_cs_client     = @@character_set_client */;
/*!40101 SET character_set_client = utf8 */;
CREATE TABLE `message` (
  `id` bigint(20) NOT NULL,
  `content` text,
  `email` varchar(255) DEFAULT NULL,
  `name` varchar(255) DEFAULT NULL,
  `title` varchar(255) DEFAULT NULL,
  PRIMARY KEY (`id`)
) ENGINE=MyISAM DEFAULT CHARSET=latin1;
/*!40101 SET character_set_client = @saved_cs_client */;

--
-- Dumping data for table `message`
--

LOCK TABLES `message` WRITE;
/*!40000 ALTER TABLE `message` DISABLE KEYS */;
/*!40000 ALTER TABLE `message` ENABLE KEYS */;
UNLOCK TABLES;

--
-- Table structure for table `role`
--

DROP TABLE IF EXISTS `role`;
/*!40101 SET @saved_cs_client     = @@character_set_client */;
/*!40101 SET character_set_client = utf8 */;
CREATE TABLE `role` (
  `role_id` int(11) NOT NULL,
  `name` varchar(255) DEFAULT NULL,
  PRIMARY KEY (`role_id`)
) ENGINE=MyISAM DEFAULT CHARSET=latin1;
/*!40101 SET character_set_client = @saved_cs_client */;

--
-- Dumping data for table `role`
--

LOCK TABLES `role` WRITE;
/*!40000 ALTER TABLE `role` DISABLE KEYS */;
/*!40000 ALTER TABLE `role` ENABLE KEYS */;
UNLOCK TABLES;

--
-- Table structure for table `user`
--

DROP TABLE IF EXISTS `user`;
/*!40101 SET @saved_cs_client     = @@character_set_client */;
/*!40101 SET character_set_client = utf8 */;
CREATE TABLE `user` (
  `id` bigint(20) NOT NULL,
  `birthday` date DEFAULT NULL,
  `company` varchar(255) DEFAULT NULL,
  `email` varchar(255) DEFAULT NULL,
  `fax` varchar(255) DEFAULT NULL,
  `first_name` varchar(255) DEFAULT NULL,
  `join_date` datetime DEFAULT NULL,
  `last_name` varchar(255) DEFAULT NULL,
  `password` varchar(255) DEFAULT NULL,
  `phone` varchar(255) DEFAULT NULL,
  `username` varchar(255) DEFAULT NULL,
  PRIMARY KEY (`id`)
) ENGINE=MyISAM DEFAULT CHARSET=latin1;
/*!40101 SET character_set_client = @saved_cs_client */;

--
-- Dumping data for table `user`
--

LOCK TABLES `user` WRITE;
/*!40000 ALTER TABLE `user` DISABLE KEYS */;
/*!40000 ALTER TABLE `user` ENABLE KEYS */;
UNLOCK TABLES;

--
-- Table structure for table `user_role`
--

DROP TABLE IF EXISTS `user_role`;
/*!40101 SET @saved_cs_client     = @@character_set_client */;
/*!40101 SET character_set_client = utf8 */;
CREATE TABLE `user_role` (
  `user_role_id` bigint(20) NOT NULL,
  `role_role_id` int(11) DEFAULT NULL,
  `user_id` bigint(20) DEFAULT NULL,
  PRIMARY KEY (`user_role_id`),
  KEY `FKotxvofgf4qtsunbe0i3vhady6` (`role_role_id`),
  KEY `FK859n2jvi8ivhui0rl0esws6o` (`user_id`)
) ENGINE=MyISAM DEFAULT CHARSET=latin1;
/*!40101 SET character_set_client = @saved_cs_client */;

--
-- Dumping data for table `user_role`
--

LOCK TABLES `user_role` WRITE;
/*!40000 ALTER TABLE `user_role` DISABLE KEYS */;
/*!40000 ALTER TABLE `user_role` ENABLE KEYS */;
UNLOCK TABLES;
/*!40103 SET TIME_ZONE=@OLD_TIME_ZONE */;

/*!40101 SET SQL_MODE=@OLD_SQL_MODE */;
/*!40014 SET FOREIGN_KEY_CHECKS=@OLD_FOREIGN_KEY_CHECKS */;
/*!40014 SET UNIQUE_CHECKS=@OLD_UNIQUE_CHECKS */;
/*!40101 SET CHARACTER_SET_CLIENT=@OLD_CHARACTER_SET_CLIENT */;
/*!40101 SET CHARACTER_SET_RESULTS=@OLD_CHARACTER_SET_RESULTS */;
/*!40101 SET COLLATION_CONNECTION=@OLD_COLLATION_CONNECTION */;
/*!40111 SET SQL_NOTES=@OLD_SQL_NOTES */;

-- Dump completed on 2018-10-09 16:14:35
